date,year,title,content,status,thumbnail_file,image_files
2026-07-07 15:34:03,2026,[Seminar] 박재범 (UC San Diego) — SIMD-based Acceleration and Energy Efficiency Optimization in Distributed MIMO vRAN Systems,"우리 연구실 동문이자 현재 UC San Diego의 Robert W. Heath Jr. 교수 연구실 박사과정으로 재학 중인 박재범 동문께서 ""SIMD-based Acceleration and Energy Efficiency Optimization in Distributed MIMO vRAN Systems""을 주제로 세미나를 진행하였습니다.",publish,2026/07/seminar-uc-san-diego-simd-based-acceleration-and-energy-efficiency-optimization-in-distributed-mimo-vran-systems-528802-1.jpg,2026/07/seminar-uc-san-diego-simd-based-acceleration-and-energy-efficiency-optimization-in-distributed-mimo-vran-systems-528802-1.jpg|2026/07/seminar-uc-san-diego-simd-based-acceleration-and-energy-efficiency-optimization-in-distributed-mimo-vran-systems-531735-2.jpg|2026/07/seminar-uc-san-diego-simd-based-acceleration-and-energy-efficiency-optimization-in-distributed-mimo-vran-systems-534499-3.jpg
2025-11-11 15:50:11,2025,2025년 11월 생일파티,11월에 생일을 맞은 Nguyen Xuan Mai 석사과정의 생일파티를 진행했습니다. 생일 축하드립니다~,publish,2025/11/2025-11-1416267-1.jpg,2025/11/2025-11-1416267-1.jpg|2025/11/2025-11-1418854-2.jpg
2025-09-11 15:45:53,2025,손현수 박사 졸업패 증정식,손현수 박사의 졸업을 기념하며 졸업패를 증정식을 가졌습니다.,publish,2025/09/item-1151305-1.jpg,2025/09/item-1151305-1.jpg|2025/09/item-1154158-2.jpg|2025/09/item-1157025-3.jpg|2025/09/item-1160302-4.jpg
2025-04-01 15:42:35,2025,딸기파티,연구실 사람들과 함께 딸기파티 시간을 가졌습니다~,publish,2025/04/item-956951-1.jpg,2025/04/item-956951-1.jpg|2025/04/item-959596-2.jpg|2025/04/item-962576-3.jpg
2025-06-08 15:38:36,2025,2025년 6월 생일파티,6월에 생일을 맞은 임현지 석사과정의 생일파티가 진행되었습니다. 생일 축하드립니다~,publish,2025/06/2025-6-724076-2.jpg,2025/06/2025-6-719594-1.mp4|2025/06/2025-6-724076-2.jpg
2025-05-22 15:36:47,2025,2025년 5월 생일파티,5월에 생일을 맞은 정두식 학부연구생의 생일파티를 진행했습니다. 생일 축하드립니다~,publish,2025/05/2025-5-615807-1.jpg,2025/05/2025-5-615807-1.jpg
2026-02-10 15:31:10,2026,2026년 동계 워크숍,2026년 2월 10일 - 11일 1박 2일간 전라북도 무주군 무주리조트에서 동계 워크숍을 진행했습니다. 친목을 다질 수 있는 좋은 시간이었습니다.,publish,2026/02/2026-245659-1.jpg,2026/02/2026-245659-1.jpg|2026/02/2026-248629-2.jpg|2026/02/2026-251496-3.jpg|2026/02/2026-254192-4.jpg|2026/02/2026-257132-5.jpg|2026/02/2026-260507-6.jpg|2026/02/2026-263682-7.jpg|2026/02/2026-266549-8.jpg|2026/02/2026-269623-9.jpg|2026/02/2026-271773-10.jpg|2026/02/2026-274435-11.jpg|2026/02/2026-277404-12.jpg
2026-06-17 15:11:29,2026,2026 KICS 하계종합학술발표회,이승훈 박사과정은 2026년 6월 17일 - 19일 제주도에서 진행된 한국통신학회 하계종합학술발표회에 참가하였습니다.,publish,2026/06/2026-kics-442192-1.jpg,2026/06/2026-kics-442192-1.jpg
2025-06-08 15:09:39,2025,2025 IEEE ICC,"김현우 박사과정, 권진만 박사과정, 이승훈 박사과정이 2025년 6월 8일 - 12일 캐나다 몬트리올에서 개최된 IEEE ICC Workshop에 참가하였습니다.",publish,2025/06/2025-ieee-icc-616374-1.jpg,2025/06/2025-ieee-icc-616374-1.jpg|2025/06/2025-ieee-icc-618970-2.jpg|2025/06/2025-ieee-icc-621220-3.jpg|2025/06/2025-ieee-icc-624093-4.jpg|2025/06/2025-ieee-icc-626750-5.jpg|2025/06/2025-ieee-icc-629627-6.jpg
2026-04-15 15:02:16,2026,2026 JCCI,"임현지 석사과정, 김민재 석사과정, 정두식 연구원이 2026년 4월 15일(수) ~ 4월 17일(금) 여수에서 진행된 JCCI에 참가하였습니다.",publish,2026/04/2026-jcci-308489-4.jpg,2026/04/2026-jcci-308489-4.jpg|2026/04/2026-jcci-303676-2.jpg|2026/04/2026-jcci-301083-1.jpg|2026/04/2026-jcci-306059-3.jpg|2026/04/2026-jcci-64497-1.jpg|2026/04/2026-jcci-67321-2.jpg
2026-06-29 14:46:15,2026,봄학기 종강 기념 및 이승훈 박사과정 환송회,이승훈 박사과정이 2026년 8월부로 6개월 간 UCSD의 Robert Heath 교수님의 연구실로 파견을 가게 되어 타볼라타에서 환송회를 진행하였습니다. 조심히 다녀오시기 바랍니다!,publish,2026/06/item-421747-1.jpg,2026/06/item-421747-1.jpg|2026/06/item-424622-2.jpg
2026-01-21 14:43:05,2026,체력측정,이승훈 박사과정의 체력 측정이 있었습니다. 벤치프레스를 100kg 드는 모습은 느슨해진 연구실에 긴장감을 주었습니다,publish,2026/01/item-50626-1-thumb.jpg,2026/01/item-50626-1.mp4|2026/01/item-55209-2.mp4
2026-06-29 14:13:05,2026,2026년 6월 생일파티,"6월에 생일을 맞은 임현지 석사과정, 권진만 박사과정, 최인혁 박사과정, 박성민 석사과정의 생일파티를 진행했습니다. 생일 축하드립니다~",publish,2026/06/2026-6-297009-5.jpg,2026/06/2026-6-297009-5.jpg|2026/06/2026-6-299301-6.jpg|2026/06/2026-6-289416-2.jpg|2026/06/2026-6-292030-3.jpg|2026/06/2026-6-287304-1.jpg|2026/06/2026-6-294824-4.jpg
2026-05-28 15:13:04,2026,2026년 5월 생일파티,5월에 생일을 맞은 정두식 연구원의 생일파티를 진행하였습니다. 생일 축하드립니다~,publish,2026/05/db_2.png,2026/05/db_1.png|2026/05/db_2.png
2026-05-28 15:06:30,2026,2026 ICC,황민영 박사과정이 5/24 ~ 5/28 스코틀랜드 Glasgow에서 개최된 2026 IEEE ICC Conference에 참여하였습니다.,publish,2026/05/ICC-scaled.jpg,2026/05/ICC-scaled.jpg
2026-05-18 14:59:58,2026,2026년 LIT 홈커밍데이 행사,"2026년 5월 16일 홈커밍 데이를 맞아 연구실 재학생들과 졸업생들이 함께 모여 행사를 진행하였습니다. 스승의 날 기념 제창 및 선물 증정식, 체육 행사, 그리고 즐거운 저녁 식사를 가졌습니다.",publish,2026/05/HC_1-rotated.jpg,2026/05/HC_1-rotated.jpg|2026/05/HC_5-scaled.jpg|2026/05/HC_4-scaled.jpg
2026-04-23 14:34:26,2026,2026년도 ITRC 인재양성대전,4월 22일 ~ 4월 24일 서울 COEX에서 개최된 ITRC 인재양성대전에 참가하였습니다.  지능통감융합 연구센터 소속 연구실들과 함께 포스터를 제작하여 전시를 진행하였습니다.,publish,2026/04/isac_1-scaled.jpg,2026/04/isac_1-scaled.jpg|2026/04/isac_2-scaled.jpg|2026/04/isac_3-scaled.jpg
2026-04-23 14:27:56,2026,2026 4월 생일파티 & 딸기파티,4월에 생일을 맞은 황민영 박사과정의 생일 파티 및 딸기 파티를 같이 진행하였습니다. 생일 축하드립니다~🎈,publish,2026/04/20264_2-scaled.jpg,2026/04/2026_4_1-scaled.jpg|2026/04/20264_2-1-scaled.jpg|2026/04/2026_4_3-scaled.jpg|2026/04/2026_04_4.jpg
2026-04-23 14:14:46,2026,2026 3월 생일파티,이승훈 박사과정의 생일을 축하하는 시간을 가졌습니다. 생일 축하드 립니다~🎈,publish,2026/04/2026_03_1-scaled.jpg,2026/04/2026_03_1-scaled.jpg|2026/04/2026_03_2-scaled.jpg
2026-04-23 14:01:38,2026,2026 딸기파티,,draft,,
2026-02-25 15:23:17,2026,2026년 학위수여식,"2026년 2월 20일 금요일 학위수여식에서 김선용 박사과정, 손현수 박사과정, 홍나경 석사과정, 박성민 석사과정(학사)의 졸업을 축하하였습니다. 졸업 축하드립니다!",publish,2026/02/Upload_1-scaled.jpg,2026/02/Upload_1-scaled.jpg|2026/02/IMG_7200-scaled.jpg|2026/02/IMG_7202-scaled.jpg|2026/02/IMG_7208-scaled.jpg|2026/02/Upload_2-scaled.jpg
2025-12-29 14:30:17,2025,2025 LIT 송년회,2025년 한 해를 무사히 마무리하며 VIPS에서 송년회를 가졌습니다~🍖,publish,2025/12/LIT_Comm_4.jpg,2025/12/LIT_Comm_4.jpg|2025/12/LIT_Comm_3.jpg|2025/12/LIT_Comm_2.jpg|2025/12/LIT_Comm_1.jpg
2025-12-29 14:20:03,2025,2025 LIT 송년회,2025 한 해를 무사히 마무리하며 VIPS에서 송년회를 가졌습니다🍖,draft,,
2025-12-29 14:06:34,2025,2025 11월 생일파티,11월에 생일을 맞은 김민재 석사과정의 생일 파티를 진행하였습니다. 생일 축하드립니다 🎈,publish,2025/12/KakaoTalk_20251229_134637900_06-scaled.jpg,2025/12/KakaoTalk_20251229_134637900_02-scaled.jpg|2025/12/KakaoTalk_20251229_134637900_04-scaled.jpg|2025/12/KakaoTalk_20251229_134637900_05-scaled.jpg
2025-12-29 13:41:03,2025,2025 LIT 송년회,,draft,,
2025-08-08 15:25:38,2025,,,draft,,
2025-03-05 15:13:57,2025,2025 3월 생일파티,3월에 생일을 맞은 홍나경 석사과정의 생일 파티를 진행하였습니다. 생일 축하드립니다 :),publish,2025/03/KakaoTalk_20250305_151006318-scaled.jpg,2025/03/KakaoTalk_20250305_151006318-scaled.jpg|2025/03/KakaoTalk_20250305_151006318_01-scaled.jpg
2025-02-18 14:39:44,2025,"최인혁, 한준희 석사과정 졸업 축하","최인혁, 한준희 석사과정의 졸업 축하를 진행했습니다. 졸업 축하드립니다!",publish,2025/02/KakaoTalk_20250214_164017428_08-scaled.jpg,2025/02/KakaoTalk_20250213_131727689_10.jpg|2025/02/KakaoTalk_20250214_164017428_14-1-scaled-e1739846522853.jpg|2025/02/KakaoTalk_20250213_131727689_11.jpg
2025-01-31 16:19:44,2025,2025 1월 생일파티,1월에 생일을 맞은 김선용 박사과정의 생일 파티를 진행하였습니다. 생일 축하드립니다 :),publish,2025/01/KakaoTalk_20250218_161609235_01-scaled.jpg,2025/01/KakaoTalk_20250218_161609235_02-scaled.jpg|2025/01/KakaoTalk_20250218_161609235_01-scaled.jpg|2025/01/KakaoTalk_20250218_161609235-scaled.jpg
2024-12-26 16:26:26,2024,2024 석사 디펜스,"최인혁, 한준희 석사과정이 석사디펜스를 진행했습니다. 축하드립니다 :)",publish,2024/12/KakaoTalk_20250218_161609235_05-scaled.jpg,2024/12/KakaoTalk_20250218_161609235_05-scaled.jpg|2024/12/KakaoTalk_20250218_161609235_04-scaled.jpg|2024/12/KakaoTalk_20250218_161609235_03-scaled.jpg
2024-12-26 16:26:12,2024,2024 박사 디펜스,"박휘성, Arman 박사과정이 박사디펜스를 진행했습니다. 축하드립니다 :)",publish,2024/12/KakaoTalk_20250218_161609235_06-scaled.jpg,2024/12/KakaoTalk_20250218_161609235_08-scaled.jpg|2024/12/KakaoTalk_20250218_161609235_07-scaled.jpg|2024/12/KakaoTalk_20250218_161609235_06-scaled.jpg
2024-11-30 16:31:54,2024,2024 11월 생일파티,11월에 생일을 맞은 한준희 석사과정의 생일 파티를 진행하였습니다. 생일 축하드립니다 :),publish,2024/11/KakaoTalk_20241127_182748569-scaled.jpg,2024/11/KakaoTalk_20241127_182748569-scaled.jpg|2024/11/KakaoTalk_20241127_182748569_03-scaled.jpg|2024/11/KakaoTalk_20241127_182748569_02-scaled.jpg
2024-11-30 16:20:45,2024,2024 11월 생일파티,11월에 생일을 맞은 지정주 박사후연구원의 생일 파티를 진행하였습니다. 생일 축하드립니다 :),publish,2024/11/KakaoTalk_20250218_161609235_10-scaled.jpg,2024/11/KakaoTalk_20250218_161609235_09-scaled.jpg|2024/11/KakaoTalk_20250218_161609235_11-scaled.jpg|2024/11/KakaoTalk_20250218_161609235_10-scaled.jpg
2024-09-30 16:23:15,2024,2024 9월 생일파티,9월에 생일을 맞은 Arman 박사과정의 생일 파티를 진행하였습니다. 생일 축하드립니다 :),publish,2024/09/KakaoTalk_20250218_161609235_12-scaled.jpg,2024/09/KakaoTalk_20250218_161609235_12-scaled.jpg|2024/09/KakaoTalk_20250218_161609235_14-scaled.jpg|2024/09/KakaoTalk_20250218_161609235_13-scaled.jpg
2024-07-18 16:22:42,2024,2024 7월 생일파티,7월에 생일을 맞은 김현우 박사과정의 생일 파티를 진행하였습니다. 생일 축하드립니다 :),publish,2024/07/KakaoTalk_20250218_161609235_16-scaled.jpg,2024/07/KakaoTalk_20250218_161609235_17-scaled.jpg|2024/07/KakaoTalk_20250218_161609235_16-scaled.jpg|2024/07/KakaoTalk_20250218_161609235_15-scaled.jpg
2024-06-14 16:28:00,2024,2024 6월 생일파티,"6월에 생일을 맞은 권진만 박사과정, 최인혁 석사과정의 생일 파티를 진행하였습니다. 생일 축하드립니다 :)",publish,2024/06/KakaoTalk_20250218_161609235_18-scaled.jpg,2024/06/KakaoTalk_20250218_161609235_18-scaled.jpg|2024/06/KakaoTalk_20250218_161609235_20-scaled.jpg|2024/06/KakaoTalk_20250218_161609235_19-scaled.jpg
2024-05-17 13:29:32,2024,2024 5월 생일파티,5월에 생일을 맞은 손현수 박사과정의 생일 파티를 진행하였습니다. 생일 축하드립니다 :),publish,2024/05/KakaoTalk_20240517_132651745_04-scaled.jpg,2024/05/KakaoTalk_20240517_132651745_03-scaled.jpg|2024/05/KakaoTalk_20240517_132651745_04-scaled.jpg|2024/05/KakaoTalk_20240517_132651745-scaled.jpg|2024/05/KakaoTalk_20240517_132651745_01-scaled.jpg
2024-05-13 17:46:10,2024,2024 스승의 날/홈커밍 데이 행사,"2024년 5월 10일 홈커밍 데이를 맞아 연구실 재학생들과 졸업생들이 함께 모여 행사를 진행하였습니다. 스승의 날 기념, 제창 및 체육 행사, 그리고 즐거운 저녁 식사를 가졌습니다.",publish,2024/05/KakaoTalk_20240513_092039877_27.jpg,2024/05/KakaoTalk_20240513_092039877_01-scaled.jpg|2024/05/KakaoTalk_20240514_131336555_03-scaled.jpg|2024/05/KakaoTalk_20240513_092039877_15-scaled.jpg|2024/05/KakaoTalk_20240513_092039877_25.jpg|2024/05/KakaoTalk_20240513_092039877_10-scaled.jpg|2024/05/KakaoTalk_20240513_092039877_28.jpg
2024-05-03 15:14:38,2024,2024 JCCI,"최인혁, 한준희 석사 과정이 부산에서 열린 2024년도 JCCI에 참석하였습니다.",publish,2024/05/1.jpg,2024/05/1.jpg|2024/05/2.jpg|2024/05/3.jpg|2024/05/4.png
2024-03-31 15:06:25,2024,2024 3월 생일파티,"3월에 생일을 맞은 홍나경 석사과정, 남현우, 황민영, 이승훈 박사과정의 생일 파티를 진행하였습니다. 생일 축하드립니다 :)",publish,2024/03/KakaoTalk_20240503_145911925_09-scaled.jpg,2024/03/KakaoTalk_20240503_145911925_06-scaled.jpg|2024/03/KakaoTalk_20240503_145911925_08-scaled.jpg|2024/03/KakaoTalk_20240503_145911925_07-scaled.jpg|2024/03/KakaoTalk_20240503_145911925_09-scaled.jpg|2024/03/KakaoTalk_20240503_145911925_10-scaled.jpg|2024/03/KakaoTalk_20240503_145911925_11-scaled.jpg|2024/03/KakaoTalk_20240503_145911925_15-scaled.jpg|2024/03/KakaoTalk_20240503_145911925_17-scaled.jpg|2024/03/KakaoTalk_20240503_145911925_18-scaled.jpg
2024-02-16 15:27:53,2024,지정주 박사과정 졸업 축하,"지정주 박사과정의 졸업 축하를 진행했습니다.

&nbsp;

졸업 축하드립니다!",publish,2024/02/KakaoTalk_20240215_142500949.jpg,2024/02/KakaoTalk_20240215_142043942_03-scaled.jpg|2024/02/KakaoTalk_20240215_141755920_02.jpg|2024/02/KakaoTalk_20240215_142500949.jpg
2024-02-16 15:26:09,2024,"김윤성, 김현우 석사과정 졸업 축하","김윤성, 김현우 석사과정의 졸업 축하를 진행했습니다.

&nbsp;

졸업 축하드립니다!",publish,2024/02/KakaoTalk_20240206_161227926_06-scaled.jpg,2024/02/KakaoTalk_20240206_161227926_11-scaled-e1708065340646.jpg|2024/02/KakaoTalk_20240206_161227926_05-scaled.jpg|2024/02/KakaoTalk_20240206_161227926_06-scaled.jpg|2024/02/KakaoTalk_20240206_161227926_02-scaled.jpg
2024-02-16 15:22:10,2024,2024 1월 생일파티,1월에 생일을 맞은 김선용 박사과정의 생일파티를 진행하였습니다. 생일 축하드립니다 :),publish,2024/02/KakaoTalk_20240216_151751764_02-scaled.jpg,2024/02/KakaoTalk_20240216_151751764_01-scaled.jpg|2024/02/KakaoTalk_20240216_151751764-scaled.jpg|2024/02/KakaoTalk_20240216_151751764_03-scaled.jpg|2024/02/KakaoTalk_20240216_151751764_02-scaled.jpg|2024/02/KakaoTalk_20240216_151751764_04-scaled.jpg
2023-11-27 13:31:21,2023,2023 11월 생일파티,11월에 생일을 맞은 한준희 석과정의 생일파티를 진행하였습니다. 생일 축하드립니다 :),publish,2023/11/KakaoTalk_20240226_133403574_05-scaled.jpg,2023/11/KakaoTalk_20240226_133403574-scaled.jpg|2023/11/KakaoTalk_20240226_133403574_01-scaled.jpg|2023/11/KakaoTalk_20240226_133403574_02-scaled.jpg|2023/11/KakaoTalk_20240226_133403574_03-scaled.jpg|2023/11/KakaoTalk_20240226_133403574_04-scaled.jpg|2023/11/KakaoTalk_20240226_133403574_05-scaled.jpg
2023-11-07 15:47:11,2023,2023 IEEE MILCOM,손현수 박사 과정이 보스턴에서 열린 2023 IEEE MILCOM에 참석하였습니다.,publish,2023/11/KakaoTalk_20231107_154132236.jpg,2023/11/KakaoTalk_20231107_154132236.jpg|2023/11/KakaoTalk_20231107_154132236_01.jpg|2023/11/KakaoTalk_20231107_154132236_02.jpg
2023-11-03 14:22:47,2023,2023 11월 생일파티,11월에 생일을 맞은 지정주 박사과정의 생일파티를 진행하였습니다. 생일 축하드립니다:),publish,2023/11/KakaoTalk_20231103_141824339-scaled.jpg,2023/11/KakaoTalk_20231103_141824339-scaled.jpg|2023/11/KakaoTalk_20231103_134437559_03-scaled.jpg|2023/11/KakaoTalk_20231103_134437559_02-scaled.jpg|2023/11/KakaoTalk_20231103_134437559_01-scaled.jpg|2023/11/KakaoTalk_20231103_141824339_01-scaled.jpg
2023-11-02 15:20:00,2023,2023 MIT 학술교류회,손현수 박사 과정이 MIT Moe Z.Win 교수님 및 연구실 학생들과 학술교류회를 가졌습니다. 연구 관련 talk 및 저녁식사를 함께 가졌습니다.,publish,2023/11/KakaoTalk_20231102_095409350_02-e1698906187618.jpg,2023/11/KakaoTalk_20231102_095409350_02-e1698906187618.jpg|2023/11/KakaoTalk_20231102_095409350_01.jpg|2023/11/KakaoTalk_20231102_095409350_04.jpg|2023/11/KakaoTalk_20231102_095409350_03.jpg
2023-10-04 11:30:11,2023,2023 9월 생일파티,9월에 생일을 맞은 Arman 박사과정의 생일파티를 진행하였습니다. 생일 축하드립니다:),publish,2023/10/20230921_BD3.jpg,2023/10/20230921_BD1.jpg|2023/10/20230921_BD3.jpg|2023/10/20230921_BD2.jpg
2023-08-14 15:39:05,2023,2023 하계 워크샵,2023.08.09 ~ 2023.08.11 2박 3일간 전북 부안군 변산반도 스테이리조트로 하계 워크샵을 다녀왔습니다. 연구실 구성원간 연구 내용을 공유하고 휴식을 취하며 친목을 다지는 시간을 가졌습니다.,publish,2023/08/2023_summer_workshop1.jpg,2023/08/2023_summer_workshop1.jpg|2023/08/2023_summer_workshop2.jpg|2023/08/2023_summer_workshop3.jpg|2023/08/2023_summer_workshop4.jpg|2023/08/2023_summer_workshop5.jpg|2023/08/2023_summer_workshop6.jpg|2023/08/2023_summer_workshop12-scaled.jpg|2023/08/2023_summer_workshop8-scaled.jpg|2023/08/2023_summer_workshop9-scaled.jpg|2023/08/2023_summer_workshop11-scaled.jpg|2023/08/2023_summer_workshop13-scaled.jpg|2023/08/2023_summer_workshop14-scaled.jpg
2023-07-17 13:23:08,2023,2023년 7월 생일파티,7월에 생일을 맞은 김현우 석사과정의 생일파티를 진행하였습니다. 생일 축하드립니다:),publish,2023/07/20230717_BD3.jpg,2023/07/20230717_BD1.jpg|2023/07/20230717_BD2.jpg|2023/07/20230717_BD3.jpg
2023-06-27 11:44:47,2023,2023년 6월 생일파티,6월에 생일을 맞은 최인혁 석사과정과 권진만 예비 박사과정의 생일파티를 진행하였습니다. 생일 축하드립니다:),publish,2023/06/20230614_BD1.jpg,2023/06/20230614_BD3.jpg|2023/06/20230614_BD2.jpg|2023/06/20230614_BD1.jpg
2023-05-26 14:23:42,2023,2023 스승의 날/홈커밍 데이 행사,"2023년 5월 20일 홈커밍 데이를 맞아 연구실 재학생들과 졸업생들이 함께 모여 행사를 진행하였습니다. '스승의 은혜' 제창 및 체육 행사, 그리고 즐거운 저녁 식사를 가졌습니다.",publish,2023/05/2023_HC_5-scaled.jpg,2023/05/2023_HC_2-scaled-e1696488857779.jpg|2023/05/2023_HC_4-scaled.jpg|2023/05/2023_HC_5-scaled.jpg
2023-05-26 14:19:45,2023,2023 KAIST 교육 혁신의 날,"23년 5월 18일 학술문화관 (E9) 정근모 컨퍼런스 홀에서 KAIST 교육 혁신의 날이 개최되었습니다.

박현철 교수님께서 임형규 LINKGENESIS Best Teacher Award에서 대상을 수상하셨습니다.",publish,2023/05/Innovationday_1-scaled.jpg,2023/05/Innovationday_1-scaled.jpg|2023/05/Innovationday_2-scaled.jpg|2023/05/Innovationday_3.jpg
2023-05-18 13:20:24,2023,2023년 5월 생일파티,5월에 생일을 맞은 손현수 박사과정의 생일파티를 진행하였습니다. 생일 축하드립니다:),publish,2023/05/20230518_BD1.jpg,2023/05/20230518_BD1.jpg|2023/05/20230518_BD2.jpg|2023/05/20230518_BD3.jpg
2023-03-28 12:12:00,2023,2023년 3월 생일파티,3월에 생일을 맞은 이승훈 석박사 통합과정의 생일파티를 진행하였습니다. 생일 축하드립니다:),publish,2023/03/seunghun_BD1.jpg,2023/03/seunghun_BD3.jpg|2023/03/seunghun_BD2.jpg|2023/03/seunghun_BD1.jpg
2023-02-17 16:55:28,2023,2023 동계 워크샵,2023.02.08 ~ 2023.02.10 2박 3일간 강원도 용평리조트로 동계 워크샵을 다녀왔습니다. 연구실 구성원간 연구 내용을 공유하고 휴식을 취하며 친목을 다지는 시간을 가졌습니다.,publish,2023/02/2023_winter_workshop_4-scaled.jpg,2023/02/2023_winter_workshop_7-scaled.jpg|2023/02/2023_winter_workshop_6-scaled.jpg|2023/02/2023_winter_workshop_5-scaled.jpg|2023/02/2023_winter_workshop_4-scaled.jpg|2023/02/2023_winter_workshop_3.jpg|2023/02/2023_winter_workshop_2.jpg|2023/02/2023_winter_workshop_1.jpg
2023-02-17 16:42:45,2023,2023 졸업식,"2023년 2월 17일 졸업식이 있었습니다.

졸업을 축하드립니다!",publish,2023/02/Seongbae-1.jpg,2023/02/Seongbae-1.jpg|2023/02/Group-1.jpg|2023/02/Prof_seongbae-1.jpg
2023-01-20 15:16:37,2023,2023년 1월 생일파티,1월에 생일을 맞은 김윤성 석사과정의 생일파티를 진행하였습니다. 생일 축하드립니다:),publish,2023/01/20230120_BD_3-scaled.jpg,2023/01/20230120_BD_1-scaled.jpg|2023/01/20230120_BD_2-scaled.jpg|2023/01/20230120_BD_3-scaled.jpg
2023-01-18 13:28:47,2023,2023년 1월 생일파티,1월에 생일을 맞은 김선용 박사과정의 생일파티를 진행하였습니다. 생일 축하드립니다:),publish,2023/01/20230118_BD_2-scaled.jpg,2023/01/20230118_BD_3-scaled.jpg|2023/01/20230118_BD_1-scaled.jpg|2023/01/20230118_BD_2-scaled.jpg
2022-12-21 15:30:18,2022,2022.12.21 송년회,2022년을 마무리 하며 연말 인사를 나누고 회식을 진행하였습니다.,publish,2022/12/year-end-party1.jpg,2022/12/year-end-party4-scaled.jpg|2022/12/year-end-party1.jpg
2022-11-03 13:17:00,2022,2022 11월 생일파티,11월에 생일을 맞은 지정주 박사과정의 생일파티를 진행하였습니다. 생일 축하드립니다:),publish,2022/11/20221103_BD_3-scaled.jpg,2022/11/20221103_BD_4-scaled.jpg|2022/11/20221103_BD_3-scaled.jpg|2022/11/20221103_BD_2-scaled.jpg|2022/11/20221103_BD_1-scaled.jpg
2022-08-24 13:47:01,2022,2022 8월 생일파티,8월에 생일을 맞은 전성배 박사과정의 생일파티를 진행하였습니다. 생일 축하드립니다:),publish,2022/08/KakaoTalk_20220824_124512275_08-scaled.jpg,2022/08/KakaoTalk_20220824_124512275_06-scaled.jpg|2022/08/KakaoTalk_20220824_124512275-scaled.jpg|2022/08/KakaoTalk_20220824_124512275_08-scaled.jpg
2022-07-15 16:20:09,2022,2022 7월 생일파티,7월에 생일을 맞은 김현우 석사과정의 생일파티를 진행하였습니다. 생일 축하드립니다:),publish,2022/07/KakaoTalk_20220715_132742709_06-scaled.jpg,2022/07/KakaoTalk_20220715_132742709_05-scaled.jpg|2022/07/KakaoTalk_20220715_132742709_06-scaled.jpg|2022/07/KakaoTalk_20220715_132742709_04-scaled.jpg
2022-06-28 12:11:57,2022,2022 IEEE VTC,손현수 박사 과정이 핀란드의 헬싱키에서 열린 IEEE VTC2022-Spring에 참석하였습니다.,publish,2022/06/KakaoTalk_20220627_111126045.jpg,2022/06/KakaoTalk_20220627_111126045_02.jpg|2022/06/KakaoTalk_20220627_111126045_05.jpg|2022/06/KakaoTalk_20220627_111126045_01.jpg|2022/06/KakaoTalk_20220627_111126045.jpg
2022-06-17 14:44:48,2022,2022 세종 호수 공원 산책,2022년 6월 17일 연구실 구성원들끼리 세종시 호수 공원에 다녀왔습니다. 이후 즐거운 점심 식사를 가졌습니다.,publish,2022/06/KakaoTalk_20220617_121558837_01.jpg,2022/06/KakaoTalk_20220617_115303416_02.jpg|2022/06/KakaoTalk_20220617_115303416_01-e1655444315212.jpg|2022/06/KakaoTalk_20220617_121558837_01.jpg
2022-05-19 15:23:56,2022,2022 5월 생일파티,5월에 생일을 맞은 biniam 석사 과정의 생일파티를 진행하였습니다. 생일 축하드립니다:),publish,2022/05/KakaoTalk_20220519_151417851_03-e1652941358533.jpg,2022/05/KakaoTalk_20220519_151417851_02-e1652941306928.jpg|2022/05/KakaoTalk_20220519_151417851_03-e1652941358533.jpg
2022-05-18 13:46:21,2022,2022 5월 생일파티,5월에 생일을 맞은 손현수 박사 과정의 생일파티를 진행하였습니다. 생일 축하드립니다:),publish,2022/05/KakaoTalk_20220518_133839077_05-e1652849054370.jpg,2022/05/KakaoTalk_20220518_133839077_02-e1652849027507.jpg|2022/05/KakaoTalk_20220518_133839077_05-e1652849054370.jpg
2022-05-06 13:16:08,2022,2022 JCCI,"이승훈 석박사 통합과정, 황민영 석사 과정이 속초에서 열린 2022년도 JCCI에 참석하였습니다.",publish,2022/05/2022_JCCI_1.jpg,2022/05/2022_JCCI_1.jpg|2022/05/2022_JCCI_3.jpg|2022/05/2022_JCCI_2.jpg
2022-05-06 13:14:55,2022,2022 IEEE WCNC,황민영 석사 과정이 미국의 텍사스 오스틴에서 열린 2022년도 IEEE WCNC(Wireless Communications and Networking Conference)에 참석하였습니다.,publish,2022/05/2022_WCNC_3.jpg,2022/05/2022_WCNC_3.jpg|2022/05/2022_WCNC_2.jpg|2022/05/2022_WCNC_1.jpg
2022-03-31 16:16:49,2022,2022 3월 생일파티,3월에 생일을 맞은 황민영 석사 과정의 생일파티를 진행하였습니다. 생일 축하드립니다:),publish,2022/03/KakaoTalk_20220331_155937629_03-e1648710937801.jpg,2022/03/KakaoTalk_20220331_155937629_11-e1648710966705.jpg|2022/03/KakaoTalk_20220331_155937629_04-e1648710906800.jpg|2022/03/KakaoTalk_20220331_155937629_03-e1648710937801.jpg
2022-03-28 14:59:53,2022,2022 3월 생일파티,3월에 생일을 맞은 이승훈 석박사 통합과정의 생일파티를 진행하였습니다. 생일 축하드립니다:),publish,2022/03/KakaoTalk_20220328_143530500_08-e1648446419654.jpg,2022/03/KakaoTalk_20220328_143530500_08-e1648446419654.jpg|2022/03/KakaoTalk_20220328_143530500_04-e1648446521342.jpg
2022-01-18 16:04:51,2022,2022 1월 생일파티,1월에 생일을 맞은 김선용 박사과정의 생일파티를 진행하였습니다. 생일 축하드립니다:),publish,2022/01/KakaoTalk_20220118_130934696_03.jpg,2022/01/KakaoTalk_20220118_130934696_02.jpg|2022/01/KakaoTalk_20220118_130934696_01.jpg|2022/01/KakaoTalk_20220118_130934696.jpg
2021-12-16 14:25:36,2021,2021 IEEE MILCOM,최중섭 박사과정이 미국의 샌디에고에서 열린 2021년도 IEEE MILCOM (Military Communications Conference) 에 참석하였습니다.,publish,2021/12/2021_MILCOM1.jpg,2021/12/2021_MILCOM1.jpg|2021/12/2021_MILCOM2.jpg|2021/12/2021_MILCOM4.jpg|2021/12/2021_MILCOM3.jpg|2021/12/2021_MILCOM5.jpg|2021/12/2021_MILCOM6.jpg|2021/12/2021_MILCOM7.jpg|2021/12/2021_MILCOM8.jpg
2021-12-16 14:15:54,2021,2021 11월 생일파티,11월에 생일을 맞은 지정주 박사과정의 생일파티를 진행하였습니다. 생일 축하드립니다:),publish,2021/12/20211103_BP2.jpg,2021/12/20211103_BP3.jpg|2021/12/20211103_BP1-e1639631660544.jpg|2021/12/20211103_BP2.jpg
2021-11-01 16:19:22,2021,2021 10월 생일파티,10월에 생일을 맞은 최중섭 박사과정의 생일파티를 진행하였습니다. 생일 축하드립니다:),publish,2021/11/20211022_BP2.jpg,2021/11/20211022_BP1.jpg|2021/11/20211022_BP2.jpg
2021-11-01 16:17:46,2021,2021ICTC,"석사과정 서경찬, 이선민 학생이 제주도에서 열린 2021년도 ICTC에 참석하였습니다.",publish,2021/11/2021ICTC1-1.jpg,2021/11/2021ICTC2-1.jpg|2021/11/2021ICTC1-1.jpg
2021-10-19 12:13:42,2021,2021 왕우완 박사 결혼식,2021년 10월 17일 왕우완 박사의 결혼식이 있었습니다. 축하드립니다.,publish,2021/10/20211017-wedding2.jpg,2021/10/20211017-wedding4.jpg|2021/10/20211017-wedding3.jpg|2021/10/20211017-wedding2.jpg|2021/10/20211017-wedding1.jpg
2021-09-24 12:31:56,2021,2021 9월 생일파티,9월에 생일을 맞은 Arman 박사과정의 생일파티를 진행하였습니다. 생일 축하드립니다:),publish,2021/09/20210917-BP2.jpg,2021/09/20210917-BP3.jpg|2021/09/20210917-BP2.jpg|2021/09/20210917-BP1.jpg
2021-09-09 15:55:51,2021,2021 박재범 석사 결혼식,2021년 9월 3일 박재범 석사의 결혼식이 있었습니다. 축하드립니다.,publish,2021/09/20210905-wedding3.jpg,2021/09/20210905-wedding5.jpg|2021/09/20210905-wedding4.jpg|2021/09/20210905-wedding3.jpg|2021/09/20210905-wedding2-e1631170269349.jpg|2021/09/20210905-wedding1.jpg
2021-08-24 15:41:23,2021,2021 8월 생일파티,8월에 생일을 맞은 전성배 박사과정의 생일파티를 진행하였습니다. 생일 축하드립니다:),publish,2021/08/20210824-BP3.jpg,2021/08/20210824-BP1-e1629787155891.jpg|2021/08/20210824-BP2.jpg|2021/08/20210824-BP3.jpg
2021-06-24 17:32:57,2021,2021 한형식 박사 결혼식,2021년 6월 19일 한형식 박사의 결혼식이 있었습니다. 축하드립니다.,publish,2021/06/Wedding2-e1624523459596.jpg,2021/06/Wedding2-e1624523459596.jpg|2021/06/Wedding3-e1624523488870.jpg|2021/06/Wedding1.jpg
2021-05-21 17:05:49,2021,2021 5월 생일파티,"5월에 생일을 맞은 손현수 박사과정, Biniam 석사과정의 생일파티를 진행하였습니다. 생일 축하드립니다:)",publish,2021/05/20210518-BP1-e1621584207532.jpg,2021/05/20210518-BP1-e1621584207532.jpg|2021/05/20210518-BP2-e1621584233782.jpg
2021-05-07 12:58:59,2021,2021 JCCI,"박사과정 지정주, 석사과정 이선민, 황민영 학생이 부산에서 열린 2021년도 JCCI에 참석하였습니다.",publish,2021/05/2021JCCI1.jpg,2021/05/2021JCCI1.jpg|2021/05/2021JCCI2.jpg|2021/05/2021JCCI3.jpg|2021/05/2021JCCI4.jpg|2021/05/2021JCCI5.jpg
2021-04-21 19:07:22,2021,2021 4월 생일파티,4월에 생일을 맞은 서경찬 석사과정의 생일파티를 진행하였습니다. 생일 축하드립니다:),publish,2021/04/20210421-BP1-e1618999503496.jpg,2021/04/20210421-BP1-e1618999503496.jpg|2021/04/20210421-BP2-e1618999475816.jpg
2021-03-26 13:22:30,2021,2021 3월 생일파티,"3월에 생일을 맞은 남현우 박사과정, 이승훈 석사과정, 황민영 석사과정의 생일파티를 진행하였습니다. 생일 축하드립니다:)",publish,2021/03/20210326-BP2.jpg,2021/03/20210326-BP1.jpg|2021/03/20210326-BP2.jpg|2021/03/20210326-BP3.jpg
2021-01-20 12:44:04,2021,2021 1월 생일파티,"1월에 생일을 맞은 안홍선 박사과정, 김선용 박사과정, 이선민 석사과정의 생일파티를 진행하였습니다. 생일 축하드립니다:)",publish,2021/01/20210118-BP.jpg,2021/01/20210113-BP.jpg|2021/01/20210118-BP.jpg
2020-11-17 12:59:26,2020,2020 11월 생일파티,"11월에 생일을 맞은 지정주 박사과정, 우창혁 석사과정의 생일파티를 진행하였습니다. 생일 축하드립니다:)",publish,2020/11/20201103-BP2-e1605585622852.jpg,2020/11/20201103-BP1.jpg|2020/11/20201103-BP2-e1605585622852.jpg|2020/11/20201110-BP1.jpg|2020/11/20201110-BP2.jpg
2020-11-03 12:57:56,2020,허은혜 박사 결혼식,11월 21일에 허은혜 박사의 결혼식이 있을 예정입니다. 허은혜 박사의 결혼을 축하드립니다.,publish,2020/11/20201121-wedding.jpg,2020/11/20201121-wedding.jpg
2020-10-27 12:59:22,2020,2020 ICTC,"박사과정 김선용, 석사과정 강보경, 양혜원 학생이 제주도에서 열린 2020년도 ICTC에 참석하였습니다.",publish,2020/10/20201022_ICTC4.jpg,2020/10/20201022_ICTC4.jpg|2020/10/20201022_ICTC3-e1603770938142.jpg|2020/10/20201022_ICTC2-e1603770904917.jpg|2020/10/20201022_ICTC1-e1603770872801.jpg
2020-10-26 20:04:10,2020,2020 10월 생일파티,10월에 생일을 맞은 권기림 박사와 최중섭 박사과정의 생일파티를 진행하였습니다. 생일 축하드립니다:),publish,2020/10/2020.10.01-birthdayparty1-e1603172794363.jpg,2020/10/2020.10.01-birthdayparty2-e1603710204445.jpg|2020/10/20201023-BP1.jpg|2020/10/2020.10.01-birthdayparty1-e1603172794363.jpg|2020/10/20201023-BP2.jpg
2020-09-21 16:59:22,2020,2020 9월 생일파티,9월에 생일을 맞은 Arman 박사과정과 양혜원 석사과정의 생일파티를 진행하였습니다. 생일 축하드립니다:),publish,2020/09/2020.09.21-birtydayparty2-e1600674963535.jpg,2020/09/2020.09.05-birthdayparty1-e1600674893881.jpg|2020/09/2020.09.05-birthdayparty2.jpg|2020/09/2020.09.21-birtyday-party1-e1600674939467.jpg|2020/09/2020.09.21-birtydayparty2-e1600674963535.jpg
2020-08-24 14:34:41,2020,2020 8월 생일파티,8월에 생일을 맞은 전성배 박사과정의 생일파티를 진행하였습니다. 생일 축하합니다:),publish,2020/08/2020.08.24-birthdayparty1-e1598247135304.jpg,2020/08/2020.08.24-birthdayparty1-e1598247135304.jpg|2020/08/2020.08.24-birthdayparty2-e1598247064172.jpg
2020-07-24 14:32:03,2020,2020 하계 워크샵,2020.07.23 카이스트에서 하계 워크샵을 진행하였습니다. 자신의 연구 내용을 발표하고 의견을 공유하는 유익한 자리를 가졌습니다.,publish,2020/07/2020.07.23.workshop1.jpg,2020/07/2020.07.23.workshop2.jpg|2020/07/2020.07.23.workshop3.jpg|2020/07/2020.07.23.workshop4.jpg|2020/07/2020.07.23.workshop5.jpg|2020/07/2020.07.23.workshop6.jpg|2020/07/2020.07.23.workshop7.jpg|2020/07/2020.07.23.workshop8.jpg|2020/07/2020.07.23.workshop9.jpg|2020/07/2020.07.23.workshop10.jpg|2020/07/2020.07.23.workshop11-e1595567432683.jpg|2020/07/2020.07.23.workshop12.jpg|2020/07/2020.07.23.workshop13.jpg|2020/07/2020.07.23.workshop14.jpg|2020/07/2020.07.23.workshop15.jpg|2020/07/2020.07.23.workshop16.jpg
2020-07-13 14:06:37,2020,2020 김남식 박사 결혼식,2020년 7월 11일 김남식 박사의 결혼식이 있었습니다. 축하드립니다.,publish,2020/07/2020.07.11-wedding_1.jpg,2020/07/2020.07.11-wedding_1.jpg|2020/07/2020.07.11-wedding_2.jpg|2020/07/2020.07.11-wedding_3.jpg|2020/07/2020.07.11-wedding_4.jpg
2020-05-28 15:00:00,2020,2020 5월 생일파티,5월에 생일을 맞은 손현수 박사과정의 생일파티를 진행하였습니다. 생일 축하합니다:),publish,2020/05/2020.05.18-birthdayparty2-e1590645493888.jpg,2020/05/2020.05.18-birthdayparty2-e1590645493888.jpg|2020/05/2020.05.18-birthdayparty1.jpg
2020-05-28 14:58:52,2020,2020 5월 생일파티,5월에 생일을 맞은 손현수 박사과정의 생일파티를 진행하였습니다. 생일 축하합니다:),draft,,
2020-05-15 16:51:30,2020,김남식 박사 결혼식 공지,"7월 11일에 김남식 박사의 결혼식이 있을 예정입니다.

김남식 박사의 결혼을 축하드립니다.",publish,2020/05/Notice_wedding_nskim.jpg,2020/05/Notice_wedding_nskim.jpg
2020-04-22 16:40:34,2020,2020 4월 생일파티,4월에 생일을 맞은 서경찬 석사과정의 생일파티를 진행하였습니다.  생일 축하합니다:),publish,2020/04/2020.04.21-birthdayparty1-e1587541116738.jpg,2020/04/2020.04.21-birthday-party2-e1587541079726.jpg|2020/04/2020.04.21-birthdayparty1-e1587541116738.jpg
2020-03-05 13:06:36,2020,2020 3월 생일파티,3월에 생일을 맞은 남현우 박사과정과 황민영 학부 연구생의 생일파티를 진행하였습니다. 생일 축하합니다:),publish,2020/03/2020.03.03-birthdayparty1-e1583381026346.jpg,2020/03/2020.03.03-birthdayparty2-e1583381070868.jpg|2020/03/2020.03.03-birthdayparty1-e1583381026346.jpg|2020/03/2020.03.31-birthdayparty1-e1586413365469.jpg|2020/03/2020.03.31-birthdayparty2-e1586413709726.jpg
2020-02-14 11:57:28,2020,2020 동계 워크샵,2020.02.06 ~ 2020.02.07 1박 2일간 충청남도 공주로 동계 워크샵을 다녀왔습니다. 연구실 구성원간 연구 내용을 공유하고 휴식을 취하며 친목을 다지는 시간을 가졌습니다.,publish,2020/02/workshop3.jpg,2020/02/workshop3.jpg|2020/02/workshop5.jpg|2020/02/workshop2.jpg|2020/02/workshop4.jpg
2020-01-30 11:05:28,2020,2020 1월 생일파티,"1월에 생일을 맞은 왕우완 박사과정, 안홍선 박사과정, 김선용 박사과정, 강보경 석사과정의 생일 파티를 진행하였습니다. 생일 축하합니다:)",publish,2020/01/2020.01.27-birthdayparty2-e1580349616786.jpg,2020/01/2020.01.07-birthdayparty1-e1579066148518.jpg|2020/01/2020.01.13-birthdayparty2-e1579066500670.jpg|2020/01/2020.01.18-birthdayparty1-e1579487909391.jpg|2020/01/2020.01.27-birthdayparty1-e1580349523808.jpg
2020-01-06 19:55:28,2020,2020.01.06 시무식,2020년을 맞아 시무식을 진행하였습니다. 2020년 연구 방향에 대해 이야기를 나누고 새해 인사를 주고받는 시간을 가졌습니다.,publish,2020/01/2020.01.06-kick-off-meeting.jpg,2020/01/2020.01.06-kick-off-meeting.jpg
2019-12-27 13:18:49,2019,2019.12.26 송년회,2019 년을 마무리 하며 연말 인사를 나누고 회식을 진행하였습니다.,publish,2019/12/KakaoTalk_20191227_093913910_01.jpg,2019/12/KakaoTalk_20191227_093913910_04.jpg|2019/12/KakaoTalk_20191227_093913910_01.jpg
2019-12-20 17:22:59,2019,2019 IEEE GLOBECOM,남현우 박사과정이 미국의 하와이에서 열린 2019년도 IEEE Globecom에 참석하였습니다.,publish,2019/12/KakaoTalk_20191220_171730915.jpg,2019/12/KakaoTalk_20191220_171730915.jpg
2019-11-18 14:11:45,2019,2019 한국통신학회 하계학술대회 우수논문 선정,"임승찬 박사, 왕우완 박사과정이 2019 한국통신학회 하계학술대회에서 우수논문상을 수상하였습니다.",publish,2019/11/2019.jpg,2019/11/2019.jpg
2019-11-13 17:05:51,2019,2019 제 3회 삼성 AI 포럼,남현우 박사과정과  최혜민 석사과정이 서울에서 열린 2019년도 삼성 AI 포럼에 참석하였습니다.,publish,2019/11/KakaoTalk_20191112_234922623.jpg,2019/11/KakaoTalk_20191112_234922623.jpg
2019-11-13 17:03:40,2019,2019 IEEE APCC,지정주 박사과정이 베트남의 호치민에서 열린 2019년도 IEEE APCC(Asia-Pacific Conference on Communications)에 참석하였습니다.,publish,2019/11/IMG_2091.jpg,2019/11/MG_9451.jpg|2019/11/IMG_2091.jpg|2019/11/IMG_2111-e1573632009884.jpg|2019/11/MG_9782.jpg
2019-11-09 14:47:41,2019,2019 권기림 박사과정 결혼식,2019년 11월 3일 권기림 박사과정의 결혼식이 있었습니다. 축하드립니다.,publish,2019/11/KakaoTalk_20191109_144438013_01.jpg,2019/11/KakaoTalk_20191109_144438013_01.jpg|2019/11/KakaoTalk_20191109_144438013_02.jpg|2019/11/KakaoTalk_20191109_144438013_04.jpg
2019-10-07 14:25:39,2019,2019 IEEE VTC,김선용 박사과정과  손현수 석사과정이 미국의 하와이에서 열린 2019년도 IEEE VTC 에 참석하였습니다.,publish,2019/10/KakaoTalk_20191007_135952728.jpg,2019/10/KakaoTalk_20191007_135952728.jpg
2019-09-03 13:25:26,2019,2019 임승찬 박사 결혼식,2019년 9월 1일 임승찬 박사의 결혼식이 있었습니다. 축하드립니다.,publish,2019/09/KakaoTalk_20190901_123733305_11.jpg,2019/09/KakaoTalk_20190903_132102880-e1567484607615.jpg|2019/09/KakaoTalk_20190901_123733305_11.jpg|2019/09/KakaoTalk_20190903_131628535_01.jpg
2019-07-15 15:23:44,2019,2019.07.10~12 하계 워크샵,2019년 7월 10일 ~ 12일 전라북도 진안으로 하계 워크샵을 다녀왔습니다. 연구실 구성원 간에 연구 내용을 공유하고 휴식을 취하며 유익한 시간을 보냈습니다.,publish,2019/07/KakaoTalk_20190710_164004330.jpg,2019/07/KakaoTalk_20190712_141755304.jpg|2019/07/KakaoTalk_20190710_164004330.jpg
2019-06-24 13:32:45,2019,2019 하계종합학술발표회,"박사과정 임승찬 남현우, 석사과정 최혜민 학생이 제주에서 열린 하계종합학술발표회를 다녀왔습니다.",publish,2019/06/KakaoTalk_20190624_133048964.jpg,2019/06/KakaoTalk_20190624_133051237.jpg|2019/06/KakaoTalk_20190624_133048964.jpg|2019/06/KakaoTalk_20190624_133008225.jpg|2019/06/KakaoTalk_20190624_133005688.jpg
2019-06-24 13:25:57,2019,2019 IEEE ICC,박사과정 최중섭 학생과 김남식 박사가 중국의 상하이에서 열린 2019년도 IEEE ICC에 참석하였습니다.,publish,2019/06/KakaoTalk_20190624_114518130.jpg,2019/06/KakaoTalk_20190624_114518130.jpg
2019-05-27 13:56:39,2019,2019 남현우 박사과정 결혼식,2019년 5월 25일 남현우 박사과정의 결혼식이 있었습니다. 축하드립니다.,publish,2019/05/KakaoTalk_20190525_142649310_07.jpg,2019/05/KakaoTalk_20190525_135630367.jpg|2019/05/KakaoTalk_20190525_142649310_07.jpg|2019/05/KakaoTalk_20190525_134805412.jpg|2019/05/KakaoTalk_20190525_142649310_062.jpg
2019-05-18 17:22:11,2019,2019 Homecoming day,"2019년 5월 18일 홈커밍 데이를 맞아 연구실 재학생들과 졸업생들이 함께 모여 행사를 진행하였습니다. '스승의 은혜' 제창 및 체육 행사, 그리고 즐거운 점심 식사를 가졌습니다.",publish,2019/05/KakaoTalk_20190518_122717506.jpg,2019/05/KakaoTalk_20190518_122717506.jpg|2019/05/KakaoTalk_20190518_153343300.jpg|2019/05/KakaoTalk_20190518_141452209.jpg|2019/05/KakaoTalk_20190518_141458832.jpg
2019-05-14 11:58:38,2019,IEEE WD 2019 Best Poster Runner up Award 수상,"<img src=""http://lit.kaist.ac.kr/lit/wp-content/uploads/2019/05/IEEE-WD-2019-Poster-Award-e1557802518224-300x212.jpg"" alt="""" width=""300"" height=""212"" class=""aligncenter size-medium wp-image-13235"" />
전성배 박사과정 학생이 IEEE The 11th Wireless Days Conference (IEEE WD 2019)에서 Microlab과 공동으로 Best Poster Runner up Award를 수상하였습니다.",publish,2019/05/IEEE-WD-2019-Poster-Award-e1557802518224.jpg,2019/05/IEEE-WD-2019-Poster-Award-e1557802518224.jpg
2019-04-02 15:54:47,2019,2019년 딸기파티,2019년 4월 3일 딸기 파티를 진행하였습니다.,publish,2019/04/KakaoTalk_20190402_144342740.jpg,2019/04/KakaoTalk_20190402_144342740.jpg|2019/04/KakaoTalk_20190402_144321629.jpg
2019-02-27 13:25:04,2019,2019.02.26 신입생 환영회,2019년 2월 26일 새로운 Lit의 구성원이 된 신입생들을 환영하기 위한 회식을 진행하였습니다.,publish,2019/02/KakaoTalk_20190226_181233574.jpg,2019/02/KakaoTalk_20190226_181233574.jpg
2019-02-18 11:40:41,2019,2019 학위수여식,"2019학년도 학위수여식에서 우리 연구실의 김기범 박사, 전준표 박사, 김선용 석사, 송새한 석사가 졸업장을 수여받았습니다. 모두 축하드립니다.",publish,2019/02/KakaoTalk_20190215_171550410.jpg,2019/02/KakaoTalk_20190215_171705602_03.jpg|2019/02/KakaoTalk_20190215_171550410.jpg
2019-01-23 20:07:59,2019,2018 IEEE GlOBECOM,"박사과정 권기림, 지정주, 전성배, Arman 학생이 아랍에미리트의 아부다비에서 열린 2018년도 IEEE Globecom에 참석하였습니다.",publish,2019/01/12.jpg,2019/01/12.jpg|2019/01/1234.jpg
2019-01-18 15:56:05,2019,2019.01.16~18 동계 워크샵,"2019.01.16~18 2박 3일간 무주 덕유산 스키장으로 워크샵을 다녀왔습니다.

겨울 스포츠를 즐기며 활력을 충전하고 즐거운 시간을 보냈습니다.",publish,2019/01/KakaoTalk_20190116_172923324.jpg,2019/01/KakaoTalk_20190116_172924011.jpg|2019/01/KakaoTalk_20190116_172923324.jpg
2019-01-04 15:28:45,2019,2018.12.27 송년회,2018 년을 마무리 하며 연말 인사를 나누고 회식을 진행하였습니다.,publish,2019/01/KakaoTalk_20181227_173420463.jpg,2019/01/KakaoTalk_20181227_173420463.jpg
2018-09-17 10:23:36,2018,The third 5G Joint Meeting for collaboration of Korea 5G Forum and Japan 5GMF,"박사과정 임승찬, 한형식 학생이 일본 교토에서 열린 한일공동연구 과제에 회의 참석하였습니다.",publish,2018/09/20180904_141349.jpg,2018/09/IMG_20180904_141907857.jpg|2018/09/20180904_141349.jpg|2018/09/20180904_121853.jpg|2018/09/20180904_095006.jpg|2018/09/20180904_091659.jpg
2018-09-17 10:19:38,2018,2018 PIMRC,박사과정 안홍선 학생이 이탈리아 볼로니아에서 열린 2018년도 PIMRC에 참석하였습니다.,publish,2018/09/IMG_0097.jpg,2018/09/IMG_0097.jpg
2018-09-13 15:52:28,2018,LIT_introduction180906E,,draft,,
2018-07-23 13:45:06,2018,2018 하계 워크샵,"<span style=""text-align: center; color: #747474; text-transform: none; text-indent: 0px; letter-spacing: normal; font-family: 'PT Sans'; font-size: 13px; font-style: normal; font-weight: 400; word-spacing: 0px; float: none; display: inline !important; white-space: normal; orphans: 2; widows: 2; background-color: #ffffff; font-variant-ligatures: normal; font-variant-caps: normal; -webkit-text-stroke-width: 0px; text-decoration-style: initial; text-decoration-color: initial;"">2018년 7월 16일 ~ 17일 전라북도 진안으로 하계 워크샵을 다녀왔습니다. 연구실 구성원 간에 연구 내용을 공유하고 휴식을 취하며 유익한 시간을 보냈습니다.</span>",publish,2018/07/KakaoTalk_20180723_133743230.jpg,2018/07/KakaoTalk_20180723_133743230.jpg|2018/07/KakaoTalk_20180723_133747069.jpg|2018/07/KakaoTalk_20180723_133750999.jpg|2018/07/KakaoTalk_20180723_133805446-e1532321384846.jpg|2018/07/KakaoTalk_20180723_133811030.jpg|2018/07/KakaoTalk_20180723_133812141.jpg|2018/07/KakaoTalk_20180723_133815562.jpg
2018-07-03 10:33:25,2018,2018 Homecoming day,"2018년 6월 30일 홈커밍 데이를 맞아 연구실 재학생들과 졸업생들이 함께 모여 행사를 진행하였습니다. '스승의 은혜' 제창 및 체육 행사, 그리고 즐거운 저녁 식사를 가졌습니다.",publish,2018/07/IMG_2174.jpg,2018/07/IMG_2174.jpg|2018/07/KakaoTalk_Moim_2bbBIloP1idwLwkXx97YcXvbwXgS0q.jpg|2018/07/KakaoTalk_Moim_7gAQ8qD3jj7ucU9HZRNL8yuJtQKxzA.jpg|2018/07/KakaoTalk_Moim_7gAQ8qD3jj7ucU9HZRNL8yuJtQzOCu.jpg|2018/07/KakaoTalk_Moim_7gAQ8qD3jj7ucZJ5VQ9MJViDUrPBfP-e1532321314355.jpg|2018/07/KakaoTalk_Moim_7gAQ8qD3jj7ucZJ5VQ9MJViDUsdfyx.jpg
2018-04-20 15:12:36,2018,2018.4.20 회식,2018년 4월 20일 중간고사 및 제안서 작업이 마무리 된 기념으로 회식을 진행하였습니다.,publish,2018/04/KakaoTalk_20180420_131442707.jpg,2018/04/KakaoTalk_20180420_131442707.jpg|2018/04/KakaoTalk_20180420_150819607-e1524204657746.jpg|2018/04/KakaoTalk_20180420_150835083-e1524204680283.jpg
2018-04-03 15:40:22,2018,2018년 딸기파티,2018년 4월 3일 딸기파티를 진행하였습니다.,publish,2018/04/KakaoTalk_20180403_151513605-1.jpg,2018/04/KakaoTalk_20180403_151513605.jpg|2018/04/KakaoTalk_20180403_151457149.jpg|2018/04/KakaoTalk_20180403_151529795.jpg
2018-03-05 10:32:07,2018,2018 임우창 선배님 결혼식,2018년 3월 3일 졸업생 임우창 선배님의 결혼식이 있었습니다. 축하드립니다.,publish,2018/03/IMG_1528.jpg,2018/03/IMG_1528.jpg
2018-02-24 23:04:20,2018,2018 학위수여식,"2018학년도 학위수여식에서 우리 연구실의 허은혜 박사, 이원석 석사, 지정주 석사가 졸업장을 수여받았습니다. 모두 축하드립니다.",publish,2018/02/KakaoTalk_Moim_2bbBIloP1icmmQA4Zz5yZSKayJAbXI.jpg,2018/02/KakaoTalk_Moim_2bbBIloP1icmmQA4Zz5yZSKayJAbXI.jpg|2018/02/KakaoTalk_Moim_2bbBIloP1icmmQA4Zz5yZSKayJFGXE.jpg|2018/02/KakaoTalk_Moim_2bbBIloP1icmmQA4Zz5yZSKayJhuym.jpg|2018/02/KakaoTalk_Moim_2bbBIloP1icmmQA4Zz5yZSKayJl4cO.jpg
2018-01-23 15:57:42,2018,송새한 임승찬 2017 한국통신학회 우수논문상,"송새한 석사과정, 임승찬 박사과정 학생이 2017 한국통신학회 추계종합학술발표회에서 우수논문상을 수상하였습니다.",publish,2018/01/KakaoTalk_20180123_190121748.jpg,2018/01/KakaoTalk_20180123_155704169.jpg|2018/01/KakaoTalk_20180123_190121748.jpg|2018/01/KakaoTalk_20180123_190124495.jpg|2018/01/KakaoTalk_20180123_190125498.jpg
2018-01-23 15:55:32,2018,왕우완 2015 한국통신학회 우수논문상,왕우완 박사과정 학생이 2015년 한국통신학회 하계종합학술발표회에서 우수논문상을 수상하였습니다.,publish,2018/01/KakaoTalk_20180123_155449702.jpg,2018/01/KakaoTalk_20180123_155449702.jpg
2018-01-23 13:18:49,2018,2018 동계 워크샵,2018년 1월 17일 ~ 19일 강원도 정선으로 동계 워크샵을 다녀왔습니다. 연구실 구성원 간에 연구 내용을 공유하고 휴식을 취하며 유익한 시간을 보냈습니다.,publish,2018/01/KakaoTalk_20180117_130948832-e1516681086351.jpg,2018/01/KakaoTalk_Moim_2bbBIloP1ic1iMt4FY7beDktfKaVkR.jpg|2018/01/KakaoTalk_Moim_2bbBIloP1ic1iMt4FY7beDktfJT36V.jpg|2018/01/KakaoTalk_Moim_2bbBIloP1ic1g4uZmKU2fm5vbSwmGJ.jpg|2018/01/KakaoTalk_Moim_2bbBIloP1ic1g4uZmKU2fm5vbSuaid.jpg|2018/01/KakaoTalk_Moim_2bbBIloP1ic1g4uZmKU2fm5vbSLdoR.jpg|2018/01/KakaoTalk_Moim_2bbBIloP1ic1g4uZmKU2fm5vbSdWnf.jpg|2018/01/KakaoTalk_20180118_182417057.jpg|2018/01/KakaoTalk_20180118_182342799.jpg|2018/01/KakaoTalk_20180117_130948832-e1516681086351.jpg|2018/01/KakaoTalk_Moim_2bbBIloP1ic1g4uZmKU2fm5vbS42AN.jpg|2018/01/KakaoTalk_Moim_2bbBIloP1ic1iMt4FY7beDktfKfk7T.jpg|2018/01/KakaoTalk_Moim_2bbBIloP1ic1iMt4FY7beDktfKswvv.jpg|2018/01/KakaoTalk_Moim_2bbBIloP1ic1iMt4FY7beDktfKzoKl.jpg|2018/01/KakaoTalk_Moim_2bbBIloP1ic1iMt4FY7beDktfK3uZH.jpg
2018-01-08 15:49:23,2018,ARIB 방문,교수님과 박사과정 임승찬 학생이 일본 전파산업회(ARIB)에 방문하여 한일공동연구 과제착수회의에 참여하였습니다.,publish,2018/01/IMG_1316.jpg,2018/01/IMG_1316.jpg
2017-12-26 14:42:57,2017,2017 신태동 선배님 결혼식,2017년 12월 9일 신태동 선배님의 결혼식이 있었습니다. 축하드립니다.,publish,2017/12/KakaoTalk_20171226_143753557.jpg,2017/12/KakaoTalk_20171226_143753557.jpg
2017-12-26 10:10:49,2017,2017.12.21 연구실 송년회,2017년 12월 21일 연구실 송년회가 있었습니다. 연구실 구성원 모두 2017년 마무리 잘 하시길 바랍니다.,publish,2017/12/KakaoTalk_20171226_100647938.jpg,2017/12/KakaoTalk_20171226_100644419.jpg|2017/12/KakaoTalk_20171226_100647938.jpg
2017-12-15 20:57:47,2017,2017 Globecom 싱가포르,"2017년 12월 4일 ~ 8일 박사과정 왕우완, 안홍선, 전성배 석사과정 지정주 학생이 싱가포르에서 열린 2017 Globecom에 다녀왔습니다.",publish,2017/12/KakaoTalk_20171215_173901788.jpg,2017/12/KakaoTalk_20171215_171628272.jpg|2017/12/KakaoTalk_20171215_173901788.jpg|2017/12/KakaoTalk_20171215_204803666.jpg|2017/12/KakaoTalk_20171215_204805153.jpg|2017/12/KakaoTalk_20171215_172214728.jpg|2017/12/KakaoTalk_20171215_171627306.jpg|2017/12/KakaoTalk_20171215_204759981.jpg
2017-11-13 18:11:18,2017,2017 추계종합학술대회,"2017년 11월 11일 박사과정 임승찬, 석사과정 송새한 학생이 대구에서 열린 추계종합학술발표회를 다녀왔습니다.",publish,2017/11/KakaoTalk_20171113_172721348.jpg,2017/11/KakaoTalk_20171113_172722758.jpg|2017/11/KakaoTalk_20171113_172721348.jpg
2017-10-23 13:55:05,2017,2017 박휘성 선배님 결혼식,2017년 10월 21일 박휘성 선배님의 결혼식이 있었습니다. 축하드립니다.,publish,2017/10/KakaoTalk_20171022_125524742.jpg,2017/10/KakaoTalk_20171023_134518656.jpg|2017/10/KakaoTalk_20171022_125525726-e1508734465223.jpg|2017/10/KakaoTalk_20171022_125524742.jpg|2017/10/KakaoTalk_20171022_125520456.jpg
2017-10-23 13:05:18,2017,2017 PIMRC 캐나다 몬트리올,박사과정 한형식 학생이 캐나다 몬트리올에서 열린 2017년도 PIMRC에 참석하였습니다. (10/8 ~ 10/13),publish,2017/10/20171011_163204.jpg,2017/10/20171013_142408.jpg|2017/10/20171009_152847-e1508731415467.jpg|2017/10/20171009_152915-e1508731325257.jpg|2017/10/20171010_185156-e1508731382974.jpg|2017/10/20171011_163204.jpg|2017/10/20171013_135711-e1508731446840.jpg
2017-10-23 04:19:28,2017,2017.10.19 Arman 환영파티 및 회식,2017년 10월 19일 둔산동 프라도뷔페에서  Arman 환영파티 및 회식을 진행하였습니다.,publish,2017/10/KakaoTalk_20171023_041844773.jpg,2017/10/KakaoTalk_20171023_041844773.jpg
2017-07-25 14:42:32,2017,2017 China-Korea AI and ICT Industry Conference,"교수님께서 2017년 7월 중국 중경의 Chongqing University of Technology 의 연구진과 2017 China-Korea AI and ICT Industry Conference 에서 “Key Technologies for 5G”, “Recent results for SCMA” 의 주제로 Talk 를 진행하셨습니다.",publish,2017/07/IMG_0408.jpg,2017/07/IMG_0290.jpg|2017/07/IMG_0408.jpg
2017-07-11 17:29:45,2017,2017 SPAWC 일본 삿포로,박사과정 한형식 학생이 일본 삿포로에서 열린 2017년도 SPAWC에 참석하였습니다. (7/3 ~ 7/6),publish,2017/07/KakaoTalk_20170711_144935033.jpg,2017/07/KakaoTalk_20170711_145039006.jpg|2017/07/KakaoTalk_20170711_145028875.jpg|2017/07/KakaoTalk_20170711_144948780-e1499761696294.jpg|2017/07/KakaoTalk_20170711_144940185-e1499761642921.jpg|2017/07/KakaoTalk_20170711_144937130.jpg|2017/07/KakaoTalk_20170711_144935033.jpg
2017-07-11 17:25:10,2017,2017 SPAWC,박사과정 한형식 학생이 일본 삿포로에서 열린 2017년도 SPAWC에 참석하였습니다. (7/3 ~ 7/6),draft,,
2017-07-04 16:26:38,2017,2017 하계 워크샵,2017년 6월 27일 ~ 29일 전북 진안으로 하계 워크샵을 다녀왔습니다. 모두가 즐겁고 유익한 시간을 보냈습니다.,publish,2017/07/DSC9137.jpg,2017/07/KakaoTalk_20170704_160748232.jpg|2017/07/KakaoTalk_20170704_160744017.jpg|2017/07/20170628_123435-e1499153055572.jpg|2017/07/DSC9137.jpg|2017/07/DSC9078.jpg|2017/07/DSC9061.jpg
2017-06-26 17:32:13,2017,2017 하계종합학술대회,"2017년 6월 21일 ~ 23일 박사과정 권기림, 한형식, 임승찬, 전성배 석사과정 지정주 학생이 제주도에서 열린 하계종합학술발표회를 다녀왔습니다.",publish,2017/06/KakaoTalk_20170626_111446071.jpg,2017/06/20170621_171720.jpg|2017/06/KakaoTalk_20170626_111446071.jpg|2017/06/KakaoTalk_20170626_111457820.jpg|2017/06/KakaoTalk_20170626_171338585.jpg|2017/06/KakaoTalk_20170626_171429208.jpg|2017/06/KakaoTalk_20170626_172603884.jpg
2017-05-29 16:23:34,2017,2017 ICC 프랑스 파리,박사과정 임승찬 학생이 프랑스 파리에서 열린 2017년도 ICC에 참석하였습니다. (5/21 ~ 5/25),publish,2017/05/KakaoTalk_20170529_153231736-e1496042097951.jpg,2017/05/KakaoTalk_20170529_153241496-e1496041921442.jpg|2017/05/KakaoTalk_20170529_153238917-e1496042063843.jpg|2017/05/KakaoTalk_20170529_153237222.jpg|2017/05/KakaoTalk_20170529_153235211.jpg|2017/05/KakaoTalk_20170529_153233775.jpg|2017/05/KakaoTalk_20170529_153231736-e1496042097951.jpg
2017-05-29 16:22:44,2017,2017 Wireless Power Transfer Conference 대만 타이페이,박사과정 안홍선 학생이 대만 타이페이에서 열린 2017년도 Wireless Power Transfer Conference에 참석하였습니다. (5/10 – 5/12),publish,2017/05/KakaoTalk_20170529_163048283.png,2017/05/KakaoTalk_20170529_163048283.png
2017-05-13 17:03:12,2017,2017 Homecoming Day,"2017년 5월 13일 홈커밍 데이를 맞아 연구실 재학생들과 졸업생들이 함께 모여 행사를 진행하였습니다.
'스승의 은혜' 제창 및 체육 행사, 그리고 즐거운 저녁 식사를 가졌습니다.",publish,2017/05/KakaoTalk_20170515_133157110.jpg,2017/05/KakaoTalk_20170515_160240963.jpg
2016-06-27 17:31:08,2016,2016 하계 워크샵,"2016년 6월 22일 ~ 24일 
제주도로 하계 워크샵을 다녀왔습니다. 
오랜만에 휴식을 취하며 즐겁고 유익한 시간을 보냈습니다.",publish,2016/06/all-1.jpg,2016/06/all2-1.jpg|2016/06/all-1.jpg
2016-06-27 17:30:02,2016,2016 하계종합학술대회,"2016년 6월 22일 ~ 24일 
박사과정 임승찬, 권기림, 석사과정 박재범, 김희수 학생이 제주도에서 열린 하계종합학술발표회를 다녀왔습니다. 
",publish,2016/06/jb-1.jpg,2016/06/jb-1.jpg|2016/06/hs-1.jpg
2016-06-27 17:28:57,2016,2016 하계종합학술대회,"2016년 6월 22일 ~ 24일 
박사과정 임승찬, 권기림, 석사과정 박재범, 김희수 학생이 제주도에서 열린 하계종합학술발표회를 다녀왔습니다.
",publish,2016/06/gr.jpg,2016/06/sc.jpg|2016/06/gr.jpg
2016-06-07 17:27:21,2016,2016 ICC 말레이시아 쿠알라룸푸르,"박사과정 권기림 학생이 말레이시아 쿠알라룸푸르에서 열린 2016년도 ICC에 참석하였습니다. (5/23 ~ 5/27)
",publish,2016/06/1464085127921.jpg,2016/06/1464085127921.jpg|2016/06/20160523_173032.jpg
2016-05-15 17:26:41,2016,2016 Homecoming day,체육행사,publish,2016/05/2016_LIT_home_coming_day_5.jpg,2016/05/KakaoTalk_20160515_174658643.jpg|2016/05/2016_LIT_home_coming_day_5.jpg
2016-05-15 17:25:14,2016,2016 Homecoming day,"교수님과의 만남의 시간[IT 융합 센터 (N1) 709호 세미나 실] 
'스승의 은혜' 제창 및 사진촬영 / 체육행사
",publish,2016/05/2016_LIT_home_coming_day_3.jpg,2016/05/2016_LIT_home_coming_day_8.jpg|2016/05/2016_LIT_home_coming_day_3.jpg
2015-12-18 17:22:49,2015,2015 Globecom 미국 샌디에고,박사과정 권기림 학생과 왕우완 학생이 미국 샌디에고에서 열린 2015년도 Globecom 에 참석하였습니다.,publish,2015/12/DSC05741.jpg,2015/12/DSC05741.jpg|2015/12/DSC05723.jpg
2015-07-16 17:20:40,2015,2015 하계종합학술대회,"2015년 6월 24일 ~ 27일 
박사과정 한형식, 왕우완, 석사과정 오명석, 조현철 학생이 제주도에서 열린 하계종합학술대회를 다녀왔습니다.",publish,2015/07/DSC05364.jpg,2015/07/DSC05369.jpg|2015/07/DSC05364.jpg
2015-07-16 17:15:42,2015,2015 하계종합학술대회,"2015년 6월 24일 ~ 27일 
박사과정 한형식, 왕우완, 석사과정 오명석, 조현철 학생이 제주도에서 열린 하계종합학술대회를 다녀왔습니다.
",publish,2015/07/DSC05334.jpg,2015/07/DSC05334.jpg|2015/07/DSC05343.jpg
2015-06-16 17:21:28,2015,2015 하계 워크샵,"2015년 6월 24일 ~ 27일 
제주도로 하계 워크샵을 다녀왔습니다. 
오랜만에 휴식을 취하며 즐겁고 유익한 시간을 보냈습니다.",publish,2015/06/DSC05413.jpg,2015/06/DSC05413.jpg|2015/06/DSC05374.jpg
2015-06-16 17:12:00,2015,2015 ICC 영국 런던,"교수님과 박사과정 권기림, 임승찬, 한형식 학생이 영국 런던에서 열린 2015년도 ICC에 참석하였습니다. (6/8 ~ 6/12) ",publish,2015/06/DSC04944.jpg,2015/06/DSC04944.jpg
2015-06-01 16:38:03,2015,2015 Homecoming Day,"교수님과의 만남의 시간[IT 융합 센터 (N1) 709호 세미나 실] 
'스승의 은혜' 제창 및 떡케이크 커팅식",publish,2015/06/DSC04913.jpg,2015/06/DSC04913.jpg|2015/06/DSC04912.jpg
2015-04-02 16:36:56,2015,2015 전기 학위 수여식,"2014학년도 전기 학위수여식에서 우리 연구실의 한형식 석사, 권기림 석사가 졸업장을 수여받았습니다. 앞으로 일선 현장에서의 활약을 기대하며, 모두 축하합니다.",publish,2015/04/20150213_155354.jpg,2015/04/20150213_155354.jpg
2015-03-25 16:35:28,2015,2015 연구실 풋살경기,"1/14 연구실 전 인원이 참석한 가운데 풋살경기를 하였습니다. 
다같이 운동하며 즐길 수 있는 소중한 시간이었습니다.",publish,2015/03/d2.jpg,2015/03/d1.jpg|2015/03/d2.jpg
2015-03-25 16:33:38,2015,2015 동계워크샵,"1월 22일부터 1월 23일까지 전라북도 무주 리조트로 하계 워크샵을 다녀왔습니다. 
스키와 보드를 즐기고 친목을 다질 수 있는 즐거운 경험이었습니다.
",publish,2015/03/DSC04860.jpg,2015/03/DSC04860.jpg|2015/03/DSC04855.jpg
2015-03-25 16:10:04,2015,2015 동계워크샵,"
1월 22일부터 1월 23일까지 전라북도 무주 리조트로 하계 워크샵을 다녀왔습니다. 
스키와 보드를 즐기고 친목을 다질 수 있는 즐거운 경험이었습니다.",publish,2015/03/DSC04742.jpg,2015/03/DSC04755.jpg|2015/03/DSC04742.jpg
2015-01-12 16:08:07,2015,2014 VTC (Fall) 캐나다 뱅쿠버,박사과정 허은혜 학생과 권기림 학생이 캐나다 뱅쿠버에서 열린 2014년도 VTC (Fall) 에 참석하였습니다.,publish,2015/01/DSC04274.jpg,2015/01/DSC04274.jpg|2015/01/DSC04261.jpg
2014-11-24 16:07:13,2014,2014 한국통신학회 추계종합학술대회,"박사과정 김기범 학생과 석사과정 한형식 학생이 KAIST 본원에서 열린 2014년도 한국통신학회 추계종합학술대회에 참석하였습니다.
",publish,2014/11/KakaoTalk_20141124_152016164.jpg,2014/11/KakaoTalk_20141124_152016164.jpg
2014-07-17 16:06:07,2014,2014 하계워크샵,"7월 3일부터 7월 4일까지 전라남도 순천과 여수로 하계 워크샵을 다녀왔습니다. 
전라남도의 대표 음식들과 더불어 순천만 경관을 체험하고 여수 엑스포를 거치는 일정이었습니다. 
정말 맛있는 워크샵이었습니다.
",publish,2014/07/DSC03538.jpg,2014/07/DSC03538.jpg|2014/07/DSC03461.jpg
2014-07-17 16:04:52,2014,2014 WCNC 이스탄불,"박사과정 김진우 학생과 김기범 학생이 이스탄불에서 열린 WCNC 2014 학회에 참석하였습니다. 
",publish,2014/07/DSCF0522.jpg,2014/07/DSCF0522.jpg|2014/07/DSCF0521.jpg
2014-04-05 16:03:22,2014,2014 4월 딸기파티,"우리 연구실에서는 학교의 딸기파티 시즌을 맞이하여 간이 나들이 시간을 가졌습니다.
",publish,2014/04/KakaoTalk_b6a4236ddaf869a3.jpg,2014/04/KakaoTalk_b6a4236ddaf869a3.jpg|2014/04/KakaoTalk_8bc9fa733ae5ab34.jpg
2014-02-26 16:01:57,2014,2014 평화의마을 방문,"우리 연구실은 정기적인 봉사활동의 일환으로 2월 26일 대전시 동구에 위치한 어린이집 '평화의마을'을 방문하였습니다. 해맑은 어린이들과 어울리며 같이 성장해가는 귀중하고 즐거운 시간을 보냈습니다.
",publish,2014/02/DSC03316.jpg,2014/02/DSC03316.jpg|2014/02/DSC03260.jpg
2014-02-26 16:00:36,2014,2014학년도 전기 학위수여식,"2013학년도 전기 학위수여식에서 우리 연구실의 신철규 박사, 안찬욱 석사, 임우창 석사, 박휘성 석사가 졸업장을 수여받았습니다. 앞으로 일선 현장에서의 활약을 기대하며, 모두 축하합니다",publish,2014/02/DSC03243.jpg,2014/02/DSC03243.jpg|2014/02/DSC03222.jpg
2014-02-26 15:58:30,2014,2014 전기 학위수여식,"2014학년도 전기 학위수여식에서 우리 연구실의 신철규 박사, 안찬욱 석사, 임우창 석사, 박휘성 석사가 졸업장을 수여받았습니다. 
앞으로 일선 현장에서의 활약을 기대하며 모두 축하합니다.",publish,2014/02/DSC03249.jpg,2014/02/DSC03254.jpg|2014/02/DSC03249.jpg
2014-02-26 15:57:01,2014,2014 동계 워크샵,"
2014년 동계를 맞아, 우리 연구실은 2월 20일부터 1박 2일 일정으로 무주 리조트로 워크샵을 다녀왔습니다. 
일상에서 벗어나, 경치도 보고 스키 및 보드를 타며 몸과 마음을 재충전하는 시간을 보냈습니다.
",publish,2014/02/20140219_120837.jpg,2014/02/20140219_155320.jpg|2014/02/20140219_120837.jpg
2013-10-15 15:55:29,2013,2013 권혁문 교수님 방문,"10월 15일 Wichita State University의 권혁문 교수님이 연구실에 방문하여 주셨습니다. 
직접 학생들과 개인 미팅을 해주셔서 앞으로 하고자 하는 연구에 대한 도움을 주셨습니다. 
",publish,2013/10/IMG_3313.jpg,2013/10/IMG_3313.jpg
2013-07-08 15:54:15,2013,2013 하계 워크샵,"7월 3일부터 7월 5일까지 강원도 정선으로 하계 워크샵을 갔다왔습니다. 
마지막 날은 레일 바이크를 탄 후 대전으로 돌아왔습니다. 
뜻깊은 워크샵이 되었던거 같습니다.
",publish,2013/07/DSC03205.jpg,2013/07/DSC03205.jpg|2013/07/DSC03111.jpg
2013-07-08 15:52:53,2013,2013 하계 워크샵,"7월 3일부터 7월 5일까지 강원도 정선으로 하계 워크샵을 갔다왔습니다. 
둘째날은 스카이워크 전망대를 관람 후 레프팅을 탔습니다. 저녁은 숙소에서 바베큐 파티를 하였습니다.
",publish,2013/07/DSC02914.jpg,2013/07/DSC02916.jpg|2013/07/DSC02914.jpg
2013-07-08 15:51:25,2013,2013 하계 워크샵,"7월 3일부터 7월 5일까지 강원도 정선으로 하계 워크샵을 갔다왔습니다. 
첫째날은 대관령 양떼 목장과 경포대를 다녀왔습니다. ",publish,2013/07/DSC02406.jpg,2013/07/DSC02521.jpg|2013/07/DSC02406.jpg
2013-06-21 15:50:08,2013,2013 신철규 졸업 축하 파티,"최근 디펜스를 끝낸 신철규 박사를 축하하기 위해서 갑천에서 바베큐 파티를 하였습니다. 
경치 좋은 곳에서 선선한 바람을 맞으며 와인과 같이 먹었던 바베큐는 정말 일품이었던거 같습니다.
",publish,2013/06/2013_06_20_18.36.00.jpg,2013/06/2013_06_20_19.16.11.jpg|2013/06/2013_06_20_18.36.00.jpg
2013-05-20 15:48:40,2013,2013 Homecoming Day,"단합대회 및 바베큐 파티[대덕중 운동장]
",publish,2013/05/DSC02278.jpg,2013/05/DSC02278.jpg|2013/05/DSC02217.jpg
2013-05-20 15:47:20,2013,2013 Homecoming Day,"교수님과의 만남의 시간[IT 융합 센터 (N1) 709호 세미나 실] 
'스승의 은혜' 제창 및 떡케이크 커팅식",publish,2013/05/DSC02212.jpg,2013/05/DSC02212.jpg|2013/05/DSC02203.jpg
2013-03-30 15:45:59,2013,2013 김재완 선배님 결혼식,"2013년 2월23일 김재완 선배님의 결혼식이 있었습니다. 
결혼을 진심으로 축하합니다",publish,2013/03/PGY_6181.jpg,2013/03/PGY_6181.jpg|2013/03/PGY_6148.jpg
2013-02-22 15:44:01,2013,2013 졸업식,"2013년 2월 22일 졸업식이 있었습니다 
졸업을 축하드립니다. 
",publish,2013/02/DSC02173.jpg,2013/02/DSC02173.jpg|2013/02/graduation1.jpg
2013-02-15 15:42:42,2013,2013 동계 워크샵,"2월 14일 ~ 15일 
단양으로 워크샵을 다녀왔습니다. 
좋은 추억이 될 시간이였습니다.",publish,2013/02/DSC02123.jpg,2013/02/DSC02123.jpg|2013/02/DSC01993.jpg
2013-01-09 15:41:37,2013,2013 박휘성 생일,생일을 축하합니다.,publish,2013/01/image.jpg,2013/01/image.jpg
2012-12-15 15:40:25,2012,2012 KAIST-KU Research Symposium,"박현철 교수님과 신철규 박사과정 학생이 2012년 12월 11일~12일 아랍에미리트(United Arab Emirates) 
아부다비(Abu Dhabi) Khalifa University에서 개최된 3rd KAIST-KU Research Symposium에 참석하여 
""계층간 상호작용을 고려한 고효율 에너지 클라우드 네트워크"" 주제로 발표를 하셨습니다. 

Professor Park and Mr. Shin attended 3rd KAIST-KU Research Symposium in Abu Dhabi, United Arab Emirates.",publish,2012/12/IMG_5633.jpg,2012/12/IMG_5633.jpg|2012/12/IMG_5625.jpg
2012-10-18 15:39:30,2012,2012 APCC,"신태동 석사과정학생이 2012년 10월15일 ~ 17일 제주도에서 열린 APCC 에서 발표를 하였습니다. 
",publish,2012/10/aIMG_20121016_100449.jpg,2012/10/aIMG_20121016_100449.jpg|2012/10/aIMG_20121016_083134.jpg
2012-09-28 15:38:29,2012,2012 PIMRC,"신철규, 김진우, 김기범 박사과정학생이 2012년 9월9일 ~ 12일 호주 시드니에서 열린 PIMRC 에서 발표를 하였습니다.",publish,2012/09/aDSC01503.jpg,2012/09/aDSC01503.jpg|2012/09/aIMG_5375.jpg
2012-09-28 15:37:31,2012,2012 PIMRC,"신철규, 김진우, 김기범 박사과정학생이 2012년 9월9일 ~ 12일 호주 시드니에서 열린 PIMRC 에서 발표를 하였습니다.
",publish,2012/09/aIMG_5422.jpg,2012/09/aIMG_5428.jpg|2012/09/aIMG_5422.jpg
2012-08-09 15:36:30,2012,2012 ITC-CSCC,"이종민 석사과정학생이 7월 15~18일   
일본 Sapporo Convention Center 에서 열린 
ITC-CSCC conference에서 발표를 하였습니다
",publish,2012/08/DSC01272.jpg,2012/08/DSC01272.jpg
2012-06-27 15:35:05,2012,2012 하계 workshop,"6월 20일 ~ 22일 
흑산도로 워크샵을 다녀왔습니다. 
좋은추억이될 시간이였습니다.",publish,2012/06/DSC00738.jpg,2012/06/DSC00787.jpg|2012/06/DSC00738.jpg
2012-06-26 15:33:51,2012,2012 하계 워크샵,"6월 20일 ~ 22일 
흑산도로 워크샵을 다녀왔습니다. 
좋은추억이될 시간이였습니다. ",publish,2012/06/aDSC01196.jpg,2012/06/aDSC01196.jpg|2012/06/aDSC00807.jpg
2012-06-26 15:32:23,2012,2012 하계 워크샵,"6월 20일 ~ 22일 
흑산도로 워크샵을 다녀왔습니다. 
좋은추억이될 시간이였습니다.
",publish,2012/06/DSC00936.jpg,2012/06/DSC00936.jpg|2012/06/DSC00862.jpg
2012-05-15 15:30:45,2012,2012 Homecoming Day,단체사진,publish,2012/05/DSC00700.jpg,2012/05/DSC00719.jpg|2012/05/DSC00700.jpg
2012-05-15 15:29:21,2012,2012 Homecoming Day,졸업생 승부차기,publish,2012/05/DSC00481.jpg,2012/05/DSC00526.jpg|2012/05/DSC00481.jpg
2012-05-15 15:28:19,2012,2012 Homecoming Day,"축구시합
",publish,2012/05/DSC00368.jpg,2012/05/DSC00368.jpg|2012/05/DSC00363.jpg
2012-04-16 15:27:16,2012,2012 김재홍 박사과정 결혼식,"2012년 4월14일 김재홍 박사과정의 결혼식이 있었습니다. 
결혼을 진심으로 축하합니다.
",publish,2012/04/SAM_1446.jpg,2012/04/SAM_1460.jpg|2012/04/SAM_1446.jpg
2012-02-27 15:26:02,2012,2012 졸업식,2012년 2월 24일 졸업식이 있었습니다,publish,2012/02/SAM_1281.jpg,2012/02/SAM_1281.jpg|2012/02/SAM_1279.jpg
2012-02-22 15:25:13,2012,2012 임우창 생일,생일 축하 합니다,publish,2012/02/IMG_0611.jpg,2012/02/IMG_0611.jpg
2012-01-30 15:24:11,2012,"2012 신태동, 박휘성 생일",생일을 축하합니다.,publish,2012/01/IMG_0526.jpg,2012/01/IMG_0528.jpg|2012/01/IMG_0526.jpg
2012-01-15 15:23:12,2012,2012 동계 워크샵,"2012년 1월 12일 ~ 13일 
무주로 동계 워크샵을 다녀왔습니다 
좋은 추억이 될 멋진 워크샵이었습니다.",publish,2012/01/SAM_1028.jpg,2012/01/SAM_1028.jpg
2011-09-27 15:21:54,2011,2011 김재완 이종민 생일,"생일 축하합니다♬
",publish,2011/09/2011_09_20_175901.jpg,2011/09/2011_09_20_20.49.38.jpg|2011/09/2011_09_20_175901.jpg
2011-09-09 15:11:24,2011,2011 김진우 생일,생일 축하합니다!!,publish,2011/09/2011_09_01_17.57.44.jpg,2011/09/2011_09_01_17.57.44.jpg|2011/09/2011_09_01_17.57.19.jpg
2011-09-09 15:10:26,2011,2011 김기범 생일,"생일 축하합니다♬
",publish,2011/09/IMG_20110825_190529.jpg,2011/09/IMG_20110825_190529.jpg
2011-08-30 15:07:35,2011,2011 IMWS,계룡산 박물관에서의 banquet,publish,2011/08/P1020988.jpg,2011/08/DSC00174.jpg|2011/08/P1020988.jpg
2011-08-30 14:58:41,2011,2011 IMWS,keynote speech,publish,2011/08/DSC00048.jpg,2011/08/DSC00213.jpg|2011/08/DSC00048.jpg
2011-08-30 14:57:49,2011,2011 IMWS,,publish,2011/08/DSC00314.jpg,2011/08/DSC00314.jpg
2011-08-30 14:56:18,2011,2011 IMWS,,publish,2011/08/P1020944.jpg,2011/08/P1020944.jpg|2011/08/DSC00118.jpg
2011-08-29 20:15:52,2011,2011 IMWS,IMWS 2011 staff 단체 사진,publish,2011/08/DSC00334.jpg,2011/08/DSC00334.jpg
2011-08-29 14:54:34,2011,2011 IMWS,,publish,2011/08/DSC00060.jpg,2011/08/DSC00060.jpg|2011/08/DSC00030.jpg
2011-06-28 20:14:00,2011,"2011 하계 워크샵, 하계종합학술대회","2011년 6월 21일 ~ 24일 
제주도로 하계 워크샵과 함께 하계종합학술대회를 다녀왔습니다. 
오랜만에 휴식을 취하며 즐겁고 유익한 시간을 보냈습니다.",publish,2011/06/P1020680.jpg,2011/06/P1020864.jpg|2011/06/P1020680.jpg
2011-02-18 20:12:30,2011,2011 졸업식,2011년 2월 11일 졸업식이 있었습니다,publish,2011/02/051.jpg,2011/02/059.jpg|2011/02/051.jpg
2010-11-09 20:11:31,2010,2010 추계 워크샵,"2010년 11월 5일 지리산으로 추계워크샵을 다녀왔습니다. 
인월에서 장항교까지 총 7.6km를 트래킹하였습니다. 
신입생들도 함께 하는 뜻깊은 자리였습니다.",publish,2010/11/P1020387.jpg,2010/11/P1020408.jpg|2010/11/P1020387.jpg
2010-10-05 20:09:59,2010,2010 하계 워크샵,"2010년 8월26일부터 8월27일까지 1박 2일동안 홍천 비발디파크 오션월드로 하계워크샵을 다녀왔습니다. 
첫째날은 비발디파크 오션월드에서 물놀이를 하였고 
둘째날은 팔봉산과 서일농원 관광등으로 즐거운 시간을 보냈습니다.",publish,2010/10/P1020347.jpg,2010/10/P1020347.jpg|2010/10/P1020342.jpg
2010-08-23 20:08:53,2010,2010 LIT Homecoming Day,"2010년 5월 15일 LIT Homecoming Day 행사를 개최했습니다. 
연구실에서 스승의 날 행사를 하고 
동대전초등학교에서 재학생 vs. 졸업생 축구를 하고 
The Lee's(더 리스)에서 저녁식사를 하였습니다.",publish,2010/08/20100515homecoming2.jpg,2010/08/20100515homecoming2.jpg|2010/08/20100515homecoming1.jpg
2010-08-23 20:07:11,2010,2010 춘계 워크샵,"2010년 4월 15일 전라북도 전주시로 춘계 워크샵을 다녀왔습니다. 
정둔면옥에서 점심식사를 하고 
경기전, 전동성당, 한옥마을을 구경하였습니다.
",publish,2010/08/20100415spring_workshop.jpg,2010/08/20100415spring_workshop.jpg
2010-08-23 20:04:55,2010,2010 동계 워크샵,"2010년 1월 14일 ~ 15일 
무주로 동계 워크샵을 다녀왔습니다 
좋은 추억이 될 멋진 워크샵이었습니다.",publish,2010/08/20100114winter_workshop.jpg,2010/08/20100114winter_workshop.jpg
2009-12-04 20:02:08,2009,2009 LIT 추계 워크샵,"2009년 10월 30일 
대둔산으로 추계워크샵을 다녀왔습니다 
힘들었지만 가장 오래기억될 멋진 산이었습니다.",publish,2009/12/7.jpg,2009/12/1-2.jpg|2009/12/2-4.jpg|2009/12/3.jpg|2009/12/4.jpg|2009/12/5-1.jpg|2009/12/7.jpg
2009-07-17 19:59:30,2009,2009 LIT 하계 워크샵,"2009년 6월9일부터 6월11일까지 2박 3일동안 남해로 하계워크샵을 
다녀왔습니다. 
",publish,2009/07/5.jpg,2009/07/1-1.jpg|2009/07/2-3.jpg|2009/07/5.jpg|2009/07/6.jpg|2009/07/11.jpg
2009-05-07 19:57:00,2009,2009 IEEE 69th VTC 참석,"2008년 4월 26일~ 29일까지 4일 동안 교수님 및 김광훈, 신철규 학생이 Spain Barcelona에서 열린 IEEE 69th VTC (Vehicular Technology Conference)에 에 참석하였습니다. 
",publish,2009/05/VTC2.jpg,2009/05/VTC1.jpg|2009/05/VTC2.jpg|2009/05/VTC3.jpg|2009/05/VTC4.jpg|2009/05/VTC5.jpg
2009-04-13 19:55:29,2009,2009 김현국 선배님의 결혼식,"2009년 3월 28일에 김현국 선배님의 결혼식이 있었습니다. 
결혼을 진심으로 축하합니다.
",publish,2009/04/090328_1.jpg,2009/04/090328-2.jpg|2009/04/090328-006.jpg|2009/04/090328-6.jpg|2009/04/090328-10.jpg|2009/04/090328-013.jpg|2009/04/090328_1.jpg
2009-02-24 19:51:45,2009,2009 전기 졸업식,2009년 전기 졸업식 모습 ,publish,2009/02/090219_Graduation_Ceremony_069.jpg,2009/02/090219-Graduation-Ceremony-001.jpg|2009/02/090219-Graduation-Ceremony-002.jpg|2009/02/090219-Graduation-Ceremony-003.jpg|2009/02/090219-Graduation-Ceremony-029.jpg|2009/02/090219-Graduation-Ceremony-040.jpg|2009/02/090219-Graduation-Ceremony-042.jpg|2009/02/090219-Graduation-Ceremony-044.jpg|2009/02/090219-Graduation-Ceremony-071.jpg|2009/02/090219-Graduation-Ceremony-078.jpg|2009/02/090219_Graduation_Ceremony_069.jpg
2009-02-02 19:49:41,2009,2009 John R. Barry 교수님 세미나 및 LIT 워크샵,"2009년 1월 30일,John R.Barry 교수님과 함께 세미나 및 LIT 워크샵을 가졌습니다.
",publish,2009/02/090130_Dr_Barry_06.jpg,2009/02/090130-017.jpg|2009/02/090130-020.jpg|2009/02/090130-022.jpg|2009/02/090130-028.jpg|2009/02/090130-029.jpg|2009/02/090130-032.jpg|2009/02/090130-048.jpg|2009/02/090130_003.jpg|2009/02/090130_004.jpg|2009/02/090130_Dr_Barry_05.jpg|2009/02/090130_Dr_Barry_06.jpg
2008-11-21 19:47:47,2008,2008 추계 한국통신학회,11월 15일 연세대학교에서 열린 한국통신학회 추계종합학술대회에 참가했습니다. ,publish,2008/11/Confer2008_03.jpg,2008/11/Confer2008_02.jpg|2008/11/Confer2008_03.jpg
2008-11-21 19:46:23,2008,2008 LIT 추계 워크샵,"연구실에서 10월 30일부터 11월 1일까지 2박 3일동안 강원도 속초로 워크샵을 다녀왔습니다.멀리까지 다녀와 피곤하지만, 재미있는 워크샵이었습니다. 
단체 사진들이 좀 재미없고, 초췌하고, 추리해 보이지만, 날씨가 추워서였어요(아마도). 
",publish,2008/11/re081030_LIT_workshop_seorak_19.jpg,2008/11/re081030_LIT_workshop_seorak_19.jpg|2008/11/re081030_LIT_workshop_seorak-20.jpg|2008/11/reDSC02129.jpg
2008-09-09 19:45:15,2008,2008 김재홍 입소,"방년 29세 김재홍 논산 훈련소 입소 ㅋㅋ
",publish,2008/09/KJH.jpg,2008/09/KJH.jpg
2008-08-21 19:43:48,2008,2008 후기 졸업식,"이번에 박사학위 받으신 김현국 선배님! 
축하드립니다~! 
",publish,2008/08/re_DSC02015.jpg,2008/08/re_DSC01997.jpg|2008/08/re_DSC02004.jpg|2008/08/re_DSC02015.jpg
2008-06-06 19:42:14,2008,2008 Home Coming Day,"2008년 5월 31일, 연구실 홈커밍데이 행사가 있었습니다. 
교수님, 졸업생, 재학생이 모여 뜻깊고 즐거운 시간을 보냈습니다.",publish,2008/06/2008_Home_coming_Day.jpg,2008/06/2008_Home_coming_Day.jpg
2008-04-21 19:40:12,2008,2008 LIT 춘계 워크샵,"2008년 4월 19일 
내장산 국립공원으로 춘계워크샵을 다녀왔습니다.
",publish,2008/04/workshop1.jpg,2008/04/workshop1.jpg
2008-02-18 19:38:11,2008,2008 전기 졸업식,"LIT 박사 1호 남식이 형과 
석사학위를 받으신 종훈이형 수철이형 
모두 축하드려요~! 
",publish,2008/02/080214_4.jpg,2008/02/080214_1.jpg|2008/02/080214_2.jpg|2008/02/080214_3.jpg|2008/02/080214_4.jpg|2008/02/080214_5.jpg|2008/02/080214_6.jpg|2008/02/080214_7.jpg
2008-01-31 19:36:36,2008,2008 태안봉사활동,태안으로 봉사활동 다녀왔습니다. ,publish,2008/01/080124_1.jpg,2008/01/080124_0.jpg|2008/01/080124_1.jpg|2008/01/080124_2.jpg|2008/01/080124_3.jpg|2008/01/080124_4.jpg|2008/01/080124_5.jpg|2008/01/080124_6.jpg|2008/01/080124_7.jpg|2008/01/080124_8.jpg|2008/01/080124_10.jpg
2007-10-10 19:35:08,2007,2007 LIT 추계 워크샵 (안면도),안면도로 워크샵을 가서 학교의 현상황과 발전방향 그리고 연구실의 발전방향에 대해서 생각해보고 친목을 도모하는 즐거운 워크샵이 되었습니다.,publish,2007/10/071008_LIT_workshop_101.jpg,2007/10/071008_LIT_workshop_04.jpg|2007/10/071008_LIT_workshop_101.jpg
2007-09-26 19:33:35,2007,"2007 ICT Triangle Forum (Day3, 4)",,publish,2007/09/Day3_04.jpg,2007/09/Day3_04.jpg|2007/09/Day4_05.jpg|2007/09/Day4_13.jpg|2007/09/Day4_15.jpg|2007/09/Day4_59.jpg
2007-09-26 19:31:27,2007,2007 ICT Triangle Forum (Day2),,publish,2007/09/Day2_14.jpg,2007/09/Day2_05.jpg|2007/09/Day2_07.jpg|2007/09/Day2_11.jpg|2007/09/Day2_14.jpg|2007/09/Day2_16.jpg|2007/09/Day2_18.jpg|2007/09/Day2_23.jpg|2007/09/Day2_27.jpg|2007/09/Day2_47.jpg
2007-09-26 19:27:39,2007,2007 ICT Triangle Forum (Day1),"2008 올림픽을 앞두고 있는 사회주의 국가 중국의 정치 문화 중심 도시이며, 중국의 과거와 미래가 공존하는 도시, 북경.

2007 International Conference on Broadband Network & Multimedia Technology (IC-BNMT 2007)과 
ICT Triangle Forum 2007이 9월 18일 부터 9월 20일까지 북경 우전대학(BUPT) High Tech Mansion에서 열렸습니다. 
",publish,2007/09/2007_9_25_1.jpg,2007/09/Day1_04.jpg|2007/09/Day1_07.jpg|2007/09/Day1_08.jpg|2007/09/Day1_12.jpg|2007/09/2007_9_25_1.jpg
2007-09-01 19:25:35,2007,2006 후기 졸업식,졸업을 축하합니다. ^-^,publish,2007/09/gCeremony2.jpg,2007/09/gCeremony1.jpg|2007/09/gCeremony2.jpg
2007-05-20 19:22:44,2007,2007 LIT Home comming,2007년 LIT Home comming 행사가 5월 19일 대전에서 있었습니다. ,publish,2007/05/070519_homme_comming_main.jpg,2007/05/070519_home-comming-small_01.jpg|2007/05/070519_home-comming-small_03.jpg|2007/05/070519_home-comming-small_05.jpg|2007/05/070519_home-comming-small_06.jpg|2007/05/070519_home-comming-small_07.jpg|2007/05/070519_home-comming-small_08.jpg|2007/05/070519_home-comming-small_09.jpg|2007/05/070519_home-comming-small_10.jpg|2007/05/070519_home-comming-small_11.jpg|2007/05/070519_home-comming-small_12.jpg|2007/05/070519_home-comming-small_13.jpg|2007/05/070519_home-comming-small_14.jpg|2007/05/070519_home-comming-small_15.jpg|2007/05/070519_home-comming-small_17.jpg|2007/05/070519_home-comming-small_18.jpg|2007/05/070519_home-comming-small_19.jpg|2007/05/070519_home-comming-small_20.jpg|2007/05/070519_homme_comming_main.jpg
2007-05-06 19:20:54,2007,2007 JCCI,2007년도 JCCI가 5월2일부터 5월4일까지 평창 휘닉스파크에서 있었습니다. ,publish,2007/05/DSC_0051.jpg,2007/05/DSC_0051.jpg|2007/05/DSC_0055.jpg|2007/05/DSC_0056.jpg|2007/05/DSC_0057.jpg|2007/05/DSC_0059.jpg
2007-03-26 19:19:22,2007,2007 WCNC (Hong Kong),냉무,publish,2007/03/IMG_0008.jpg,2007/03/IMG_0008.jpg|2007/03/IMG_0010.jpg
2007-03-23 19:17:57,2007,2007 전기 졸업식,"졸업 감사패를 전달하는 모습입니다.^^ 


2007년 2월 석사 졸업생 전기환님의 졸업식이 있었습니다. 
졸업을 축하합니다! ^0^ 
",publish,2007/03/IMG_0102.jpg,2007/03/IMG_0102.jpg
2007-01-30 19:16:28,2007,2007 생일파티,"형수랑 현국이오빠, 원재가 보이네요..(다들 뭔가를 들고..;;)ㅎㅎ 
다시 한번 1월에 생일을 맞으신 분들 축하합니다! 짝짝짝 ^0^ ",publish,2007/01/070129_1.jpg,2007/01/070129_1.jpg
2007-01-15 19:10:41,2007,2007 LIT 동계 워크샵 (무주 리조트),2007년 1월 12일 무주 리조트에서 랩 워크샵이 있었습니다. ^-^ ,publish,2007/01/DSC09353.jpg,2007/01/2-1.jpg|2007/01/2-2.jpg|2007/01/DSC09353.jpg
2006-12-22 19:07:34,2006,2006 송년회,"다음에는 졸업생들이 더 많이 오면 좋겠네요^^ 

수철이랑 소희는 준비하느라 수고 많았어~~~ 

다른 분들도 오랜만에 얼굴 봐서 너무 좋았습니다.
",publish,2006/12/2.jpg,2006/12/1.jpg|2006/12/2.jpg
2006-11-20 19:03:15,2006,2006 추계 통신학회 (11/18),"2006년 11월 18일. 

인하대학교에서 열린 추계 통신학회에 다녀왔습니다..",publish,2006/11/DSC09260.jpg,2006/11/DSC09260.jpg
2006-11-17 14:47:05,2006,2006 Asilomar,"기환이형과 함께..

해변가와 학회장에서..",publish,2006/11/DSC09147.jpg,2006/11/DSC09147.jpg|2006/11/DSC09155.jpg
2006-10-20 15:25:43,2006,2006 Conference,,publish,2006/10/VTC108.jpg,2006/10/VTC108.jpg|2006/10/VTC043.jpg
2006-09-05 15:24:34,2006,2006 김용준 결혼식,"지난 2월에 졸업한 용준이의 결혼식이 9월 16일 13시에 평촌 코아웨딩홀에서 있었습니다. 축하합니다. 아들, 딸 마니마니 낳고 행복하게 사세요.",publish,2006/09/02.jpg,2006/09/01.jpg|2006/09/02.jpg
2006-07-21 15:23:41,2006,2006 ITC-CSCC,ITC-CSCC 2006이 지난 7월 10일부터 7월 13일까지 태국 치앙마이에서 있었습니다.,publish,2006/07/060712_day4_04.jpg,2006/07/060712_day4_04.jpg
2006-06-26 15:22:34,2006,2006 ICC - Istanbul,,publish,2006/06/IMGP0133.jpg,2006/06/IMGP0133.jpg
2006-05-14 15:21:07,2006,2006 Home coming day,"우리 정보전송연구실에서는

스승의 날을 맞이하여 교수님의 가르침에 감사드리며,

재학생과 졸업생 간의 친목 도모를 위해

지난 5월 13일 모교 운동장에서 Home Coming Day 행사를 가졌습니다.",publish,2006/05/DSC_0070.jpg,2006/05/DSC_0070.jpg
2006-04-28 15:19:49,2006,2006 JCCI,제16회 통신정보합동학동학술대회(JCCI 2006)가 2006년 4월 26일(수) ~ 4월 28일(금) 일정으로 부산 (해운대) 파라다이스 호텔에서 개최 되었습니다.,publish,2006/04/JCCI2006_1.jpg,2006/04/JCCI2006_1.jpg|2006/04/JCCI2006_2.jpg
2006-04-17 15:18:50,2006,2006 봄맞이 산행,"2006년도 봄맞이 산행이 4월 15일 계룡산에서 있었습니다.

&nbsp;",publish,2006/04/06climbing.jpg,2006/04/06climbing.jpg
2006-02-16 15:17:20,2006,2006 전기 졸업식,"용준이형과 재승이형 졸업식..

연구실 사람들과 함께..

다시 한번 졸업 축하드립니다..",publish,2006/02/DSC_0053.jpg,2006/02/DSC_0042.jpg|2006/02/DSC_0053.jpg
2006-02-01 15:14:20,2006,2006 Winter WorkShop,지난 1월 26일과 27일 양일 간 연구실 WorkShop이 무주리조트에서 있었습니다.,publish,2006/02/06winter_workshop.jpg,2006/02/06winter_workshop.jpg
2005-12-19 15:10:14,2005,2005 LIT 송년의 밤,"<table border=""0"" width=""100%"" cellspacing=""0"" cellpadding=""0""><colgroup> <col width=""100%"" /></colgroup>
<tbody>
<tr>
<td valign=""top"">2005년도 송년회가 12월 17일 대학로에서 있었습니다.

교수님 내외분을 비롯해, 졸업생, 및 연구실 인원 모두가

한자리에 모였습니다.</td>
</tr>
</tbody>
</table>",publish,2005/12/DSC_0004.jpg,2005/12/DSC_0004.jpg
2005-08-26 15:07:23,2005,2005 해룡이형 졸업식,,publish,2005/08/DSC06854_resize.jpg,2005/08/DSC06854_resize.jpg
2005-07-30 15:00:37,2005,2005 Summer WorkShop,,publish,2005/07/2005_Summer_2.jpg,2005/07/2005_Summer_1.jpg|2005/07/2005_Summer_3.jpg|2005/07/2005_Summer_2.jpg
2005-07-25 14:57:22,2005,2005 축구장에서,새 유니폼 입고...,publish,2005/07/soccer.jpg,2005/07/soccer.jpg
2005-07-24 14:54:50,2005,2005 ICU LOGO,ICU LOGO,publish,2005/07/1_1.gif,2005/07/1_1.gif
2005-07-24 14:49:03,2005,2005 LIT MEMBERS,"<table border=""0"" width=""100%"" cellspacing=""0"" cellpadding=""0""><colgroup> <col width=""100%"" /></colgroup>
<tbody>
<tr>
<td valign=""top"">MEMBER'S PHOTO</td>
</tr>
</tbody>
</table>",publish,2005/07/lit_logo-150x861.gif,2005/07/lit_logo-150x861.gif
