date,year,forum,title,title_en,content,content_en,links,status
2026-05-27 15:56:18,2026,Board,KICS Summer Conference 2026 paper is accepted!,KICS Summer Conference 2026 paper is accepted!,"“토큰 통신을 위한 선택적 대형언어모델 기반 텍스트 교정 방법(이승훈, 박지홍, 최진호, 박현철)”이 2026년도 하계종합학술발표회(KICS Summer Conference 2026)에 accept 되었습니다. 축하드립니다!","""Selective Large Language Model-Based Text Correction Method for Token Communication (Seunghun Lee, Jihong Park, Jinho Choi, Hyuncheol Park)"" has been accepted to the KICS Summer Conference 2026. Congratulations!",,publish
2026-05-12 15:38:18,2026,Board,양혜원 선배님의 결혼을 축하드립니다!,Congratulations to Hyewon Yang on her wedding!,우리 연구실 출신 양혜원 선배님의 결혼식을 공지합니다. 일시: 2026.05.30 (토) 오전 11시 장소: 서울특별시 강남구 언주로 711 (논현동 71-2) 셀럽앤어셈 결혼을 축하드립니다!,"We announce the wedding of Hyewon Yang, an alumna of our lab. Date: Saturday, May 30, 2026, 11:00 AM. Venue: Celuv & Assem, 711 Eonju-ro, Gangnam-gu, Seoul (71-2 Nonhyeon-dong). Congratulations on the wedding!",,publish
2026-05-12 12:52:53,2026,Board,IEEE Transactions on Communications paper is accepted!,IEEE Transactions on Communications paper is accepted!,"One paper “Low-Complexity Semantic Packet Aggregation for Token Communication via Lookahead Search"" by Seunghun Lee, Jihong Park, Jinho Choi, and Hyuncheol Park” has been accepted to IEEE TCOM! Congratulations!","One paper ""Low-Complexity Semantic Packet Aggregation for Token Communication via Lookahead Search"" by Seunghun Lee, Jihong Park, Jinho Choi, and Hyuncheol Park has been accepted to IEEE TCOM! Congratulations!",,publish
2026-03-27 11:39:10,2026,Board,JCCI 2026 paper is accepted!,JCCI 2026 paper is accepted!,"""하이브리드 빔포밍 시스템에서 PAPR 감소를 위한 예약 톤 설계 기법(정두식, 남현우, 김현우, 박현철)""이 제 36회 통신정보 합동학술대회(JCCI 2026)에 accept 되었습니다. 축하드립니다!","""Reserved Tone Design for PAPR Reduction in Hybrid Beamforming Systems (Dusik Jung, Hyunwoo Nam, Hyunwoo Kim, Hyuncheol Park)"" has been accepted to the 36th Joint Conference on Communications and Information (JCCI 2026). Congratulations!",,publish
2026-03-13 10:03:39,2026,Board,Computer Networks paper is accepted!,Computer Networks paper is accepted!,"One paper ""Deadline-Aware Joint Optimization of Task Offloading and Resource Allocation for Cell-Free Mobile Edge Computing Networks by Nakyung Hong, Seunghun Lee, and Hyuncheol Park"" has been accepted to Computer Networks! Congratulations!","One paper ""Deadline-Aware Joint Optimization of Task Offloading and Resource Allocation for Cell-Free Mobile Edge Computing Networks by Nakyung Hong, Seunghun Lee, and Hyuncheol Park"" has been accepted to Computer Networks! Congratulations!",,publish
2026-02-23 17:21:25,2026,Board,지정주 박사님의 광운대학교 교수 임용을 축하드립니다.,Congratulations to Dr. Jeongju Ji on his faculty appointment at Kwangwoon University.,우리 연구실 출신 지정주 박사님께서 2026년 3월부로 광운대학교 교수로 임명되었습니다. 많은 축하와 응원의 말씀 부탁드립니다.,"Dr. Jeongju Ji, an alumnus of our lab, has been appointed as a professor at Kwangwoon University effective March 2026. Please join us in congratulating and supporting him.",,publish
2026-02-23 13:41:51,2026,Board,IEEE Transactions on Vehicular Technology paper is accepted!,IEEE Transactions on Vehicular Technology paper is accepted!,"One paper “Multiple Targets Tracking Algorithm using Multiple UAVs by Seonyong Kim, Hyuncheol Park” has been accepted to IEEE TVT! Congratulations!","One paper ""Multiple Targets Tracking Algorithm using Multiple UAVs by Seonyong Kim, Hyuncheol Park"" has been accepted to IEEE TVT! Congratulations!",,publish
2026-02-12 14:04:19,2026,Board,IEEE Access paper is accepted!,IEEE Access paper is accepted!,"One paper “Intelligent Read Framework with Meta-learning for NAND Flash Memory Under Process Variation by Minyoung Hwang, Hyuncheol Park” has been accetped to IEEE Access! Congratulations!","One paper ""Intelligent Read Framework with Meta-learning for NAND Flash Memory Under Process Variation by Minyoung Hwang, Hyuncheol Park"" has been accepted to IEEE Access! Congratulations!",,publish
2026-02-04 13:12:09,2026,Board,한준희 석사님의 5급 공채 과학기술직 합격을 축하드립니다.,Congratulations to Junhee Han on passing the Grade-5 Open Competitive Civil Service Examination (Science and Technology).,우리 연구실 출신 한준희 석사님이 5급 공채 과학기술직(통신직렬)에 최종 합격하였습니다. 축하드립니다!,"Junhee Han, an alumnus of our lab, has been finally selected in the Grade-5 Open Competitive Civil Service Examination for Science and Technology (Communications track). Congratulations!",,publish
2026-01-19 14:00:22,2026,Board,ICC 2026 paper is accepted!,ICC 2026 paper is accepted!,"One paper ""Exploiting Near-field Effect with Spatially Separated Sub-arrays for Upper Mid-band ISAC by Minyoung Hwang, Hyuncheol Park, and Nuria Gozalez-Prelcic"" has been accetped to ICC 2026! Congratulations!","One paper ""Exploiting Near-field Effect with Spatially Separated Sub-arrays for Upper Mid-band ISAC by Minyoung Hwang, Hyuncheol Park, and Nuria Gozalez-Prelcic"" has been accepted to ICC 2026! Congratulations!",,publish
2025-12-15 13:55:22,2025,Board,김선용 박사과정 학위논문 심사 통과,Seonyong Kim passes the Ph.D. dissertation defense,"김선용 박사과정이 학위논문 심사를 통과하였습니다. 김선용 박사과정의 학위논문 제목은 ""통신 및 다중 목표물 추적을 위한 지능형 최적화 기법(Intelligent Optimization Techniques for Communication and Multi-Target Tracking)""입니다. 축하드립니다.","Ph.D. candidate Seonyong Kim has passed the dissertation defense. The title of his dissertation is ""Intelligent Optimization Techniques for Communication and Multi-Target Tracking."" Congratulations.",,publish
2025-08-25 13:35:11,2025,Board,박휘성 박사님의 득남을 축하드립니다!,Congratulations to Dr. Hwisung Park on the birth of his son!,"우리 연구실 출신 박휘성 박사님의 가정에 경사가 있었습니다. 8월 21일 아드님이 건강하게 태어났으며, 산모와 아이 모두 건강하다고 합니다. 모두 함께 축하해 주시기 바랍니다.","There has been a joyous occasion in the family of Dr. Hwisung Park, an alumnus of our lab. A son was born healthy on August 21, and both mother and child are reported to be well. Please join us in congratulating him.",,publish
2025-08-20 14:10:06,2025,Board,박성민 석박통합과정이 입학했습니다!,Seongmin Park has joined as an integrated M.S./Ph.D. student!,박성민 석박통합과정이 2025년 가을학기 입학했습니다! 환영합니다!,Seongmin Park joined the integrated M.S./Ph.D. program in the Fall 2025 semester! Welcome!,,publish
2025-08-20 14:08:57,2025,Board,최인혁 박사과정 Carneige Mellon AI 심화 교육 프로그램 참여,Ph.D. candidate Inhyeok Choi participates in Carnegie Mellon AI advanced training program,우리 연구실의 최인혁 박사과정님이 정보통신기획평가원(IITP)에서 지원하는 AI 심화 교육 프로그램의 연구자로 선정되어 Carneige Mellon University에서 연구를 진행 중에 있습니다. 많은 축하와 응원 부탁드립니다!,"Inhyeok Choi, a Ph.D. candidate in our lab, has been selected as a researcher in the AI advanced training program supported by the Institute of Information & Communications Technology Planning & Evaluation (IITP) and is currently conducting research at Carnegie Mellon University. Please join us in congratulating and supporting him!",,publish
2025-08-20 14:06:25,2025,Board,황민영 박사과정 UCSD 6G·클라우드 연구 참여,Ph.D. candidate Minyoung Hwang participates in 6G/cloud research at UCSD,"우리 연구실의 황민영 박사과정님이 6G·클라우드 리더십구축을 위한 교육·연구 오픈 허브의 연구자로 선정되어, UC San Diego의 Professor Nuria Gonzalez-Prelcic와 연구를 진행 중에 있습니다. 많은 축하와 응원 부탁드립니다!","Minyoung Hwang, a Ph.D. candidate in our lab, has been selected as a researcher in the open hub for education and research to build 6G/cloud leadership, and is currently conducting research with Professor Nuria Gonzalez-Prelcic at UC San Diego. Please join us in congratulating and supporting him!",,publish
2025-08-20 13:53:27,2025,Board,남현우 박사님의 시그웍스 입사를 축하드립니다!,Congratulations to Dr. Hyunwoo Nam on joining SigWorks!,우리 연구실 출신 남현우 박사님께서 시그웍스에 입사하셨습니다. 많은 축하와 응원의 말씀 부탁드립니다!,"Dr. Hyunwoo Nam, an alumnus of our lab, has joined SigWorks. Please join us in congratulating and supporting him!",,publish
2025-06-12 15:14:30,2025,Board,홍나경 석사과정이 삼성전자 MX사업부에 입사하였습니다.,Nakyung Hong has joined Samsung Electronics MX Division.,연구실의 홍나경 석사과정이 삼성전자 MX사업부에 입사하였습니다. 많은 축하와 응원의 말씀 부탁드립니다!,"Nakyung Hong, an M.S. student of our lab, has joined the MX Division of Samsung Electronics. Please join us in congratulating and supporting her!",,publish
2025-06-12 15:13:51,2025,Board,홍나경 석사과정 학위논문 심사 통과,Nakyung Hong passes the M.S. dissertation defense,홍나경 석사과정이 학위논문 심사에 통과하였습니다. 홍나경 석사 과정의 학위 논문 제목은 ‘데드라인을 고려한 셀 프리 모바일 엣지 컴퓨팅 네트워크에서의 작업 오프로드 및 자원 할당 공동 최적화 (Deadline-aware Joint Optimization of Task Offloading and Resource Allocation for Cell-Free Mobile Edge Computing Networks)’ 입니다. 축하드립니다.,"M.S. student Nakyung Hong has passed the dissertation defense. The title of her thesis is ""Deadline-aware Joint Optimization of Task Offloading and Resource Allocation for Cell-Free Mobile Edge Computing Networks."" Congratulations.",,publish
2025-06-12 15:10:06,2025,Board,"남현우, 손현수 박사과정 학위논문 심사 통과",Hyunwoo Nam and Hyunsoo Son pass the Ph.D. dissertation defense,"남현우, 손현수 박사과정이 학위논문 심사에 통과하였습니다. 남현우 박사 과정의 학위 논문 제목은 ‘전력 제약이 존재하는 광대역 하이브리드 빔포밍을 위한 매니폴드 최적화 (Manifold optimization for wideband hybrid beamforming with power constraints)’ 입니다. 손현수 박사 과정의 학위 논문 제목은 ‘단일 및 다중 뉴머롤로지 시스템을 위한 효율적인 대규모 다중 안테나 빔포밍 설계 (Efficient Massive MIMO Beamforming Designs for Single- and Multi-Numerology Systems)’ 입니다. 축하드립니다.","Ph.D. candidates Hyunwoo Nam and Hyunsoo Son have passed the dissertation defense. The title of Hyunwoo Nam's dissertation is ""Manifold optimization for wideband hybrid beamforming with power constraints."" The title of Hyunsoo Son's dissertation is ""Efficient Massive MIMO Beamforming Designs for Single- and Multi-Numerology Systems."" Congratulations.",,publish
2025-06-04 14:44:19,2025,Board,2025년 LIT 홈커밍 데이 행사,2025 LIT Homecoming Day event,"2025년 5월 24일 홈커밍 데이를 맞아 연구실 재학생들과 졸업생들이 함께 모여 행사를 진행하였습니다. 스승의 날 행사 진행 및 체육 행사, 그리고 즐거운 저녁 식사를 가졌습니다.","On May 24, 2025, current and former lab members gathered together for the Homecoming Day event. We held a Teacher's Day event and athletic activities, followed by an enjoyable dinner.",,publish
2025-05-26 14:30:16,2025,Board,SPAWC 2025 papers is accepted!,SPAWC 2025 papers is accepted!,"– “Semantic Packet Aggregation for Token Communication via Genetic Beam Search” by Seunghun Lee, Jihong Park, Jinho Choi, and Hyuncheol Park One paper has been accepted to the IEEE Workshop on Signal Processing and Artificial Intelligence for Wireless Communications (SPAWC) 2025. Congratulations!","– ""Semantic Packet Aggregation for Token Communication via Genetic Beam Search"" by Seunghun Lee, Jihong Park, Jinho Choi, and Hyuncheol Park One paper has been accepted to the IEEE Workshop on Signal Processing and Artificial Intelligence for Wireless Communications (SPAWC) 2025. Congratulations!",,publish
2025-05-12 13:50:46,2025,Board,IEEE Transactions on Wireless Communications paper is accepted!,IEEE Transactions on Wireless Communications paper is accepted!,"– “Distributed Multi-Agent Reinforcement Learning for Scalable Cell-Free MIMO Networks” by Seunghun Lee, Girim Kwon, Jihong Park, and Hyuncheol Park One paper has been accepted to the IEEE Transactions on Wireless Communications. Congratulations!","– ""Distributed Multi-Agent Reinforcement Learning for Scalable Cell-Free MIMO Networks"" by Seunghun Lee, Girim Kwon, Jihong Park, and Hyuncheol Park One paper has been accepted to the IEEE Transactions on Wireless Communications. Congratulations!",,publish
2025-05-12 13:49:25,2025,Board,IEEE Transactions on Vehicular Technology paper is accepted!,IEEE Transactions on Vehicular Technology paper is accepted!,"– “A Novel Iterative Hybrid Beamforming Design With Per-RF Chain Power Constraints in Massive MIMO OFDM Systems” by Hyunsoo Son, Girim Kwon, Hyunwoo Nam, HHyuncheol Park, and Joosung Park One paper has been accepted to the IEEE Transactions on Vehicular Technology. Congratulations!","– ""A Novel Iterative Hybrid Beamforming Design With Per-RF Chain Power Constraints in Massive MIMO OFDM Systems"" by Hyunsoo Son, Girim Kwon, Hyunwoo Nam, HHyuncheol Park, and Joosung Park One paper has been accepted to the IEEE Transactions on Vehicular Technology. Congratulations!",,publish
2025-03-11 17:07:57,2025,Board,IEEE International Conference on Communications (ICC) 2025 papers are accepted!,IEEE International Conference on Communications (ICC) 2025 papers are accepted!,"– “Semantic Packet Aggregation and Repeated Transmission for Text-to-Image Generation” by Seunghun Lee, Jihong Park, Jinho Choi, and Hyuncheol Park – “Robust ISAC Beamformer Utilizing Angular Distributions of Target and Clutters” by Hyunwoo Kim, Jeongju Jee, and Hyuncheol Park Two papers have been accepted to the IEEE International Conference on Communications (ICC) 2025. Congratulations!","– ""Semantic Packet Aggregation and Repeated Transmission for Text-to-Image Generation"" by Seunghun Lee, Jihong Park, Jinho Choi, and Hyuncheol Park – ""Robust ISAC Beamformer Utilizing Angular Distributions of Target and Clutters"" by Hyunwoo Kim, Jeongju Jee, and Hyuncheol Park Two papers have been accepted to the IEEE International Conference on Communications (ICC) 2025. Congratulations!",,publish
2025-02-18 16:38:02,2025,Board,"김민재, 임현지, Nguyen Xuan Mai 석사과정이 입학했습니다!","Minjae Kim, Hyunji Lim, and Nguyen Xuan Mai have joined as M.S. students!","김민재, 임현지, Nguyen Xuan Mai 석사과정 신입생이 입학했습니다! 환영합니다!","New M.S. students Minjae Kim, Hyunji Lim, and Nguyen Xuan Mai have joined! Welcome!",,publish
2025-02-17 16:48:50,2025,Board,"박휘성, Arman Ahmadian 박사과정 졸업",Hwisung Park and Arman Ahmadian graduate from the Ph.D. program,박휘성 박사과정과 Arman Ahmadian 박사과정이 졸업을 했습니다. 졸업 축하드립니다!,Ph.D. candidates Hwisung Park and Arman Ahmadian have graduated. Congratulations on your graduation!,,publish
2025-02-17 16:47:56,2025,Board,"최인혁, 한준희 석사과정 졸업",Inhyeok Choi and Junhee Han graduate from the M.S. program,최인혁 석사과정과 한준희 석사과정이 졸업을 했습니다. 졸업 축하드립니다!,M.S. students Inhyeok Choi and Junhee Han have graduated. Congratulations on your graduation!,,publish
2024-12-03 16:04:15,2024,Board,박경원 선생님 결혼식 공지,Wedding announcement for Kyoungwon Park,박경원 선생님의 결혼식을 공지합니다. 일시: 2024.12.28 (토) 오전 11시 장소: 대전유성구 동서대로 639 라도무스아트센터 3층 아트리움홀 결혼을 축하드립니다!,"We announce the wedding of Kyoungwon Park. Date: Saturday, December 28, 2024, 11:00 AM. Venue: Atrium Hall, 3rd floor, Radomus Art Center, 639 Dongseo-daero, Yuseong-gu, Daejeon. Congratulations on the wedding!",,publish
2024-08-30 14:49:35,2024,Board,권기림 박사의 서울시립대 교수 임용을 축하드립니다!,Congratulations to Dr. Girim Kwon on his faculty appointment at the University of Seoul!,우리 연구실의 졸업생 권기림 박사가 2024년 9월 1일부로 서울시립대 전자전기컴퓨터공학부 교수로 임명되었습니다. 많은 축하와 응원의 말씀 부탁드립니다!,"Dr. Girim Kwon, an alumnus of our lab, has been appointed as a professor in the Department of Electrical and Computer Engineering at the University of Seoul effective September 1, 2024. Please join us in congratulating and supporting him!",,publish
2024-07-01 12:56:22,2024,Board,IEEE Access paper is accepted!,IEEE Access paper is accepted!,"– “Cloud Radio Random-Access Networks with Multi-Packet Reception Capability” Cheolkyu Shin, Seok-Hwan Park, Junghyun Kim, and Hyuncheol Park One paper has been accepted to the IEEE Access. Congratulations!","– ""Cloud Radio Random-Access Networks with Multi-Packet Reception Capability"" Cheolkyu Shin, Seok-Hwan Park, Junghyun Kim, and Hyuncheol Park One paper has been accepted to the IEEE Access. Congratulations!",,publish
2024-05-22 13:35:32,2024,Board,2024년 스승의날/홈커밍 데이 행사,2024 Teacher's Day / Homecoming Day event,"2024년 5월 10일 홈커밍 데이를 맞아 연구실 재학생들과 졸업생들이 함께 모여 행사를 진행하였습니다. 스승의 날 행사 진행 및 체육 행사, 그리고 즐거운 저녁 식사를 가졌습니다.","On May 10, 2024, current and former lab members gathered together for the Homecoming Day event. We held a Teacher's Day event and athletic activities, followed by an enjoyable dinner.",,publish
2024-05-13 17:09:01,2024,Board,최혜민 선배님 결혼식 공지,Wedding announcement for Hyemin Choi,최혜민 선배의 결혼식을 공지합니다. 일시: 2024.06.02 (일) 오전 11시 장소: 서울특별시 강남구 언주로 508 상록아트홀 L층 그랜드볼룸홀 결혼을 축하드립니다!,"We announce the wedding of Hyemin Choi. Date: Sunday, June 2, 2024, 11:00 AM. Venue: Grand Ballroom, L floor, Sangnok Art Hall, 508 Eonju-ro, Gangnam-gu, Seoul. Congratulations on the wedding!",,publish
2024-05-03 15:26:08,2024,Board,"최인혁, 한준희 석사과정이 2024 JCCI에 참석했습니다.",Inhyeok Choi and Junhee Han attended 2024 JCCI.,"최인혁, 한준희 석사 과정이 4월 24일 ~ 4월 26일 부산에서 열린 2024년도 JCCI에 참석하였습니다.",M.S. students Inhyeok Choi and Junhee Han attended the 2024 JCCI held in Busan from April 24 to April 26.,,publish
2024-03-04 13:48:56,2024,Board,IEEE Transactions on Broadcasting paper is accepted!,IEEE Transactions on Broadcasting paper is accepted!,"– “Performance Assessment for LDM Transmission Based on DVB Satellite Standard ” by Pansoo Kim, and Hyuncheol Park One paper has been accepted to the IEEE Transactions on Broadcasting. Congratulations!","– ""Performance Assessment for LDM Transmission Based on DVB Satellite Standard"" by Pansoo Kim, and Hyuncheol Park One paper has been accepted to the IEEE Transactions on Broadcasting. Congratulations!",,publish
2024-02-22 01:33:26,2024,Board,신철규 교수님의 한림대학교 교수 임용을 축하드립니다!,Congratulations to Professor Cheolkyu Shin on his faculty appointment at Hallym University!,우리 연구실의 졸업생 신철규 교수님이 2024년에 한림대학교 정보과학대학에 교수로 임명되었습니다. 많은 축하와 응원의 말씀 부탁드립니다!,"Professor Cheolkyu Shin, an alumnus of our lab, was appointed as a professor at the College of Information Science, Hallym University in 2024. Please join us in congratulating and supporting him!",,publish
2024-02-16 15:16:11,2024,Board,지정주 박사과정 졸업,Jeongju Ji graduates from the Ph.D. program,지정주 박사과정이 졸업을 했습니다. 졸업 축하드립니다!,Ph.D. candidate Jeongju Ji has graduated. Congratulations on your graduation!,,publish
2024-02-16 15:15:43,2024,Board,"김윤성, 김현우 석사과정 졸업",Yoonsung Kim and Hyunwoo Kim graduate from the M.S. program,김윤성 석사과정과 김현우 석사과정이 졸업을 했습니다. 졸업 축하드립니다!,M.S. students Yoonsung Kim and Hyunwoo Kim have graduated. Congratulations on your graduation!,,publish
2024-02-15 12:18:51,2024,Board,IEEE Internet of Things Journal paper is accepted!,IEEE Internet of Things Journal paper is accepted!,"– “Long-Term Throughput Maximization in Wireless Powered Communication Networks: A Multi-Task DRL Approach ” by Arman Ahmadian, Wonjae Shin, and Hyuncheol Park One paper has been accepted to the IEEEInternet of Things Journal. Congratulations!","– ""Long-Term Throughput Maximization in Wireless Powered Communication Networks: A Multi-Task DRL Approach"" by Arman Ahmadian, Wonjae Shin, and Hyuncheol Park One paper has been accepted to the IEEE Internet of Things Journal. Congratulations!",,publish
2024-02-15 11:51:51,2024,Board,ICT Express paper is accepted!,ICT Express paper is accepted!,"– “Channel Estimation and Pilot Reduction for mmWave Massive MIMO Systems Using Deep Neural Networks” by Jeongju Jee, Biniam Tamiru, and Hyuncheol Park One paper has been accepted to the ICT Express. Congratulations!","– ""Channel Estimation and Pilot Reduction for mmWave Massive MIMO Systems Using Deep Neural Networks"" by Jeongju Jee, Biniam Tamiru, and Hyuncheol Park One paper has been accepted to the ICT Express. Congratulations!",,publish
2024-01-12 11:45:46,2024,Board,IEEE Transactions on Vehicular Technology paper is accepted!,IEEE Transactions on Vehicular Technology paper is accepted!,"– “Signal Model and Linear Combining Design for Multi-Numerology Massive MIMO Systems” by Hyunsoo Son, Girim Kwon,Hyuncheol Park, and Joosung Park One paper has been accepted to the IEEE Transactions on Vehicular Technology. Congratulations!","– ""Signal Model and Linear Combining Design for Multi-Numerology Massive MIMO Systems"" by Hyunsoo Son, Girim Kwon, Hyuncheol Park, and Joosung Park One paper has been accepted to the IEEE Transactions on Vehicular Technology. Congratulations!",,publish
2023-12-14 11:58:39,2023,Board,IEEE ICASSP Conference paper is accepted!,IEEE ICASSP Conference paper is accepted!,"– “Integrated Localization and Communication in 3GPP Industrial Enviroments” by Girim Kwon, Zhenyu Liu, Andrea Conti, Hyuncheol Park, and Moe Win One paper has been accepted to the IEEE ICASSP Conference. Congratulations!","– “Integrated Localization and Communication in 3GPP Industrial Enviroments” by Girim Kwon, Zhenyu Liu, Andrea Conti, Hyuncheol Park, and Moe Win One paper has been accepted to the IEEE ICASSP Conference. Congratulations!",,publish
2023-10-11 15:23:14,2023,Board,IEEE Military Communications Conference paper is accepted!,IEEE Military Communications Conference paper is accepted!,"– “Impact of Imperfect Channel State Information on Achievable Rate With Zero-Forcing Precoding in Massive MIMO Systems for Multi-Numerology” by Hyunsoo Son, Girim Kwon, Hyuncheol Park, and Joosung Park One paper has been accepted to the IEEE Military Communications Conference. Congratulations!","– “Impact of Imperfect Channel State Information on Achievable Rate With Zero-Forcing Precoding in Massive MIMO Systems for Multi-Numerology” by Hyunsoo Son, Girim Kwon, Hyuncheol Park, and Joosung Park One paper has been accepted to the IEEE Military Communications Conference. Congratulations!",,publish
2023-10-11 15:17:19,2023,Board,IEEE Transactions on Vehicular Technology paper is accepted!,IEEE Transactions on Vehicular Technology paper is accepted!,"- “Deep Learning-based Joint Optimization of Closed-Loop FDD MmWave Massive MIMO: Pilot Adaptation, CSI Feedback, and Beamforming ” by Jungju Jee, and Hyuncheol Park One paper has been accepted to the IEEE Transactions on Vehicular Technology. Congratulations!","- “Deep Learning-based Joint Optimization of Closed-Loop FDD MmWave Massive MIMO: Pilot Adaptation, CSI Feedback, and Beamforming ” by Jungju Jee, and Hyuncheol Park One paper has been accepted to the IEEE Transactions on Vehicular Technology. Congratulations!",,publish
2023-10-11 15:14:59,2023,Board,IEEE Photonics Journal paper is accepted!,IEEE Photonics Journal paper is accepted!,"- “Outage Probability Analysis and Joint Optimization for UAV-aided FSO/RF Systems with Nonlinear Power Amplifiers” by Hwisung Park, Jungju Jee, and Hyuncheol Park One paper has been accepted to the IEEE Photonics Journal. Congratulations!","- “Outage Probability Analysis and Joint Optimization for UAV-aided FSO/RF Systems with Nonlinear Power Amplifiers” by Hwisung Park, Jungju Jee, and Hyuncheol Park One paper has been accepted to the IEEE Photonics Journal. Congratulations!",,publish
2023-10-11 15:12:45,2023,Board,IEEE Vehicular Technology Conference papers are accepted!,IEEE Vehicular Technology Conference papers are accepted!,"- “3D State Transition Modeling and Power Allocation for UAV-aided ISAC System” by Hyunwoo Kim, Minyoung Hwang, Jeonju Jee, Jihong Park, and Hyuncheol Park - ""An Effective Hybrid Beamforming for MIMO-OFDM with Beam Squint"" by Yoonsung Kim, Hyunwoo Nam, Hyunsoo Son, and Hyuncheol Park Two papers have been accepted to the IEEE Vehicular Technology Conference. Congratulations!","- “3D State Transition Modeling and Power Allocation for UAV-aided ISAC System” by Hyunwoo Kim, Minyoung Hwang, Jeonju Jee, Jihong Park, and Hyuncheol Park - ""An Effective Hybrid Beamforming for MIMO-OFDM with Beam Squint"" by Yoonsung Kim, Hyunwoo Nam, Hyunsoo Son, and Hyuncheol Park Two papers have been accepted to the IEEE Vehicular Technology Conference. Congratulations!",,publish
2023-08-29 15:49:34,2023,Board,New M.S. student joined,New M.S. student joined,Ms. NaKyung Hong joined LIT as M.S. student. Welcome to the LIT!,Ms. NaKyung Hong joined LIT as M.S. student. Welcome to the LIT!,,publish
2023-06-29 16:06:58,2023,Board,신원재 교수님의 고려대학교 교수 임용을 축하드립니다.,Congratulations to Professor Wonjae Shin on his faculty appointment at Korea University.,우리 연구실의 졸업생 신원재 교수님이 2023년에 고려대학교 전기전자공학부에 교수로 임명되었습니다. 많은 축하와 응원의 말씀 부탁드립니다.,"Dr. Wonjae Shin, an alumnus of our lab, was appointed as a professor in the School of Electrical Engineering at Korea University in 2023. Please join us in offering your congratulations and support.",,publish
2023-06-28 16:01:35,2023,Board,전성배 박사과정이 한국항공우주연구원에 입사하였습니다.,Seongbae Jun (Ph.D. candidate) has joined the Korea Aerospace Research Institute.,본 연구실의 전성배 박사과정이 한국항공우주원에 연구원으로 입사하였습니다. 많은 축하와 응원의 말씀 부탁드립니다.,"Seongbae Jun, a Ph.D. candidate in our lab, has joined the Korea Aerospace Research Institute as a researcher. Please join us in offering your congratulations and support.",,publish
2023-05-26 14:05:19,2023,Board,2023 교육 혁신의 날 임형규 LINKGENESIS Best-Teacher Award 대상 수상,Grand Prize at the 2023 Education Innovation Day Lim Hyung-kyu LINKGENESIS Best-Teacher Award,박현철 교수님이 2023 교육 혁신의 날 임형규 LINKGENESIS Best-Teacher Award 에서 대상을 수상하였습니다. 수상을 진심으로 축하드립니다.,Professor Hyuncheol Park received the Grand Prize at the 2023 Education Innovation Day Lim Hyung-kyu LINKGENESIS Best-Teacher Award. Heartfelt congratulations on this honor.,,publish
2023-02-23 16:55:16,2023,Board,2022 가을학기 전기및전자공학부 우수 조교자 선정,"Selected as an Outstanding Teaching Assistant of the School of Electrical Engineering, Fall 2022",우리 연구실의 황민영 박사과정이 카이스트 전기및전자공학부 22년 가을학기 우수조교자로 선정되었습니다. 수상을 축하드립니다!,"Minyoung Hwang, a Ph.D. candidate in our lab, was selected as an Outstanding Teaching Assistant of the KAIST School of Electrical Engineering for the Fall 2022 semester. Congratulations!",,publish
2023-01-18 13:42:51,2023,Board,전기및전자공학부 2022년 박사과정 연구실적 우수자 선정,Selected as an Outstanding Ph.D. Research Achiever of the School of Electrical Engineering in 2022,우리 연구실의 지정주 박사과정이 카이스트 전기및전자공학부 22년 박사과정 연구실적 우수자로 선정되었습니다. 수상을 축하드립니다!,"Jeongju Jee, a Ph.D. candidate in our lab, was selected as an Outstanding Ph.D. Research Achiever of the KAIST School of Electrical Engineering in 2022. Congratulations!",,publish
2022-11-14 12:35:39,2022,Board,IEEE Transactions on Vehicular Technology paper is accepted,IEEE Transactions on Vehicular Technology paper is accepted,"""Cooperative Beamforming with Nonlinear Power Amplifiers: A Deep Learning Approach for Distributed Networks"" by Jeongju Jee, Girim Kwon, and Hyuncheol Park has been accepted to the IEEE Transactions on Vehicular Technology. Congratulations!","""Cooperative Beamforming with Nonlinear Power Amplifiers: A Deep Learning Approach for Distributed Networks"" by Jeongju Jee, Girim Kwon, and Hyuncheol Park has been accepted to the IEEE Transactions on Vehicular Technology. Congratulations!",,publish
2022-10-31 12:53:05,2022,Board,IEEE Access paper is accepted,IEEE Access paper is accepted,"""Dynamic Error Recovery Flow Prediction Based on Reusable Machine Learning for Low Latency NAND Flash Memory under Process Variation"" by Minyoung Hwang, Jeongju Jee, Joonhyuk Kang, Hyuncheol Park, Seonmin Lee, and Jinyoung Kim has been accepted to the IEEE Access. Congratulations!","""Dynamic Error Recovery Flow Prediction Based on Reusable Machine Learning for Low Latency NAND Flash Memory under Process Variation"" by Minyoung Hwang, Jeongju Jee, Joonhyuk Kang, Hyuncheol Park, Seonmin Lee, and Jinyoung Kim has been accepted to the IEEE Access. Congratulations!",,publish
2022-06-07 18:37:12,2022,Board,IEEE Transactions on Vehicular Technology paper is accepted,IEEE Transactions on Vehicular Technology paper is accepted,"""Energy-Efficient Multi-Tap Single Carrier Hybrid Beamforming in Uplink Wideband Millimeter Wave Systems"" by Seongbae Jun, Girim Kwon, and Hyuncheol Park has been to the IEEE Transactions on Vehicular Technology. Congratulations!","""Energy-Efficient Multi-Tap Single Carrier Hybrid Beamforming in Uplink Wideband Millimeter Wave Systems"" by Seongbae Jun, Girim Kwon, and Hyuncheol Park has been to the IEEE Transactions on Vehicular Technology. Congratulations!",,publish
2022-05-23 10:52:28,2022,Board,IEEE Transactions on Vehicular Technology paper is accepted,IEEE Transactions on Vehicular Technology paper is accepted,"""Massive MIMO Precoding for Interference-Free Multi-numerology Systems"" by Hyunsoo Son, Girim Kwon, Hyuncheol Park, and Joo sung Park has been accepted to the IEEE Transactions on Vehicular Technology. Congratulations!","""Massive MIMO Precoding for Interference-Free Multi-numerology Systems"" by Hyunsoo Son, Girim Kwon, Hyuncheol Park, and Joo sung Park has been accepted to the IEEE Transactions on Vehicular Technology. Congratulations!",,publish
2022-03-07 11:02:55,2022,Board,IEEE Vehicular Technology Conference paper is accepted,IEEE Vehicular Technology Conference paper is accepted,"""A Novel Pilot Design and Channel Estimation in 5G Multi-Numerology Systems"" by Hyunsoo Son, Girim Kwon, Hyuncheol Park, Joosung Park has been accepted to the IEEE Vehicular Technology Conference. Congratulations!","""A Novel Pilot Design and Channel Estimation in 5G Multi-Numerology Systems"" by Hyunsoo Son, Girim Kwon, Hyuncheol Park, Joosung Park has been accepted to the IEEE Vehicular Technology Conference. Congratulations!",,publish
2022-03-03 14:35:00,2022,Board,제 28회 SAMSUNG Human Tech Paper Award 수상,Award at the 28th SAMSUNG Human Tech Paper Award,"우리 연구실의 지정주 박사과정, 전성배 박사과정이 삼성전자가 주최한 제 28회 휴먼테크논문대상에서 각각 동상, 장려상을 수상하였습니다. 수상을 축하드립니다! 대회명: The 28th SAMSUNG Human Tech Paper Award 수상 논문명: Cooperative Beamforming for Nonlinear MIMO Systems: A Deep Learning Approach for Distributed Networks 저자: 지정주 지도교수: 박현철 시상내역: 동상 수상 논문명: Hybrid Beamforming in Spatial and Delay Domains in Single Carrier Wideband mmWave Systems 저자: 전성배 지도교수: 박현철 시상내역: 장려상","Jeongju Jee (Ph.D. candidate) and Seongbae Jun (Ph.D. candidate) of our lab won the Bronze Award and the Encouragement Award, respectively, at the 28th Human Tech Paper Award hosted by Samsung Electronics. Congratulations! Competition: The 28th SAMSUNG Human Tech Paper Award. Awarded paper: Cooperative Beamforming for Nonlinear MIMO Systems: A Deep Learning Approach for Distributed Networks. Author: Jeongju Jee. Advisor: Hyuncheol Park. Award: Bronze Award. Awarded paper: Hybrid Beamforming in Spatial and Delay Domains in Single Carrier Wideband mmWave Systems. Author: Seongbae Jun. Advisor: Hyuncheol Park. Award: Encouragement Award.",,publish
2022-03-03 14:28:52,2022,Board,서경찬 석사과정이 이노와이어리스에 입사하였습니다.,Kyoungchan Seo (M.S. candidate) has joined Innowireless.,본 연구실의 서경찬 석사과정이 이노와이어리스에 연구원으로 입사하였습니다. 많은 축하와 응원의 말씀 부탁드립니다.,"Kyoungchan Seo, an M.S. candidate in our lab, has joined Innowireless as a researcher. Please join us in offering your congratulations and support.",,publish
2022-03-02 12:32:31,2022,Board,New M.S. students joined,New M.S. students joined,Mr. Yoonsung Kim and Mr. Hyunwoo Kim joined LIT as M.S. students. Welcome to the LIT!,Mr. Yoonsung Kim and Mr. Hyunwoo Kim joined LIT as M.S. students. Welcome to the LIT!,,publish
2022-01-26 20:29:32,2022,Board,IEEE Wireless Communications and Networking Conference paper is accepted,IEEE Wireless Communications and Networking Conference paper is accepted,"“Joint Design of Transmit Waveform and Reflection Phase for IRS Aided Wireless Power Transfer” by Minyoung Hwang, Hongsun An, and Hyuncheol Park has been accepted to the IEEE Wireless Communications and Networking Conference. Congratulations!","“Joint Design of Transmit Waveform and Reflection Phase for IRS Aided Wireless Power Transfer” by Minyoung Hwang, Hongsun An, and Hyuncheol Park has been accepted to the IEEE Wireless Communications and Networking Conference. Congratulations!",,publish
2022-01-11 19:32:16,2022,Board,이선민 석사과정이 삼성전자에 입사하였습니다.,Seonmin Lee (M.S. candidate) has joined Samsung Electronics.,본 연구실의 이선민 석사과정이 삼성전자에 연구원으로 입사하였습니다. 많은 축하와 응원의 말씀 부탁드립니다.,"Seonmin Lee, an M.S. candidate in our lab, has joined Samsung Electronics as a researcher. Please join us in offering your congratulations and support.",,publish
2022-01-11 19:30:16,2022,Board,최중섭 소령(박사과정)이 공군 본부에 복귀하였습니다.,Major Joongsub Choi (Ph.D. candidate) has returned to Air Force Headquarters.,본 연구실의 최중섭 소령이 박사학위 취득 후 공군본부 정보화기획참모부로 복귀하였습니다. 많은 축하와 응원의 말씀 부탁드립니다.,Major Joongsub Choi of our lab has returned to the Information Planning Staff Office at Air Force Headquarters after earning his Ph.D. degree. Please join us in offering your congratulations and support.,,publish
2021-12-21 18:57:59,2021,Board,"서경찬, 이선민 석사과정 학위논문 심사 통과",Kyoungchan Seo and Seonmin Lee (M.S. candidates) passed their thesis defenses,"서경찬, 이선민 석사과정이 학위논문 심사에 통과하였습니다. 서경찬 석사 과정의 학위 논문 제목은 ‘근거리장 대규모 다중 입출력 시스템을 위한 방향 및 거리 동시 추정을 통한 저복잡도 채널 추정 기법에 대한 연구 (Low-Complexity Channel Estimation via Joint Localization of Angles and Ranges for Near-Field Massive MIMO Systems)’ 입니다. 이선민 석사 과정의 학위 논문 제목은 ‘공정 변동이 존재하는 저지연 NAND 플래시 메모리 시스템을 위한 기계 학습 기반의 에러 복구 기법에 대한 연구 (Machine Learning-Based Error Recovery Schemes for Low Latency NAND Flash Memory System with Process Variation)’ 입니다. 축하드립니다.","Kyoungchan Seo and Seonmin Lee, M.S. candidates, passed their thesis defenses. The title of Kyoungchan Seo's M.S. thesis is 'Low-Complexity Channel Estimation via Joint Localization of Angles and Ranges for Near-Field Massive MIMO Systems'. The title of Seonmin Lee's M.S. thesis is 'Machine Learning-Based Error Recovery Schemes for Low Latency NAND Flash Memory System with Process Variation'. Congratulations.",,publish
2021-12-21 18:08:40,2021,Board,최중섭 박사과정 학위논문 심사 통과,Joongsub Choi (Ph.D. candidate) passed his thesis defense,최중섭 박사과정이 학위논문 심사에 통과하였습니다. 최중섭 박사과정의 학위 논문 제목은 ‘LOS 채널에서 다중 안테나 통신을 위한 다중 지능형 반사 표면의 빔포밍 설계 (Beamforming Design of Multiple Intelligent Reflecting Surfaces for MIMO Communications in LOS Channel)’ 입니다. 축하드립니다.,"Joongsub Choi, a Ph.D. candidate, passed his thesis defense. The title of Joongsub Choi's Ph.D. thesis is 'Beamforming Design of Multiple Intelligent Reflecting Surfaces for MIMO Communications in LOS Channel'. Congratulations.",,publish
2021-12-01 01:25:01,2021,Board,IEEE Internet of Things Journal paper is accepted,IEEE Internet of Things Journal paper is accepted,“Energy Balancing Resource Allocation for Wireless Cooperative IoT Networks with SWIPT” by Hongsun An and Hyuncheol Park has been accepted to the IEEE Internet of Things Journal. Congratulation!,“Energy Balancing Resource Allocation for Wireless Cooperative IoT Networks with SWIPT” by Hongsun An and Hyuncheol Park has been accepted to the IEEE Internet of Things Journal. Congratulation!,,publish
2021-10-08 17:37:28,2021,Board,왕우완 선배님 결혼식 공지,Wedding announcement for Woowan Wang,왕우완 선배님의 결혼식을 공지합니다. 일시: 2021.10.17 (일) 낮 12시 장소: 대전 유성구 온천북로 77 (대전 유성구 봉명동 692-4) 유성컨벤션웨딩 2층 팰리스홀 결혼을 축하드립니다.,"We announce the wedding of Woowan Wang. Date: Sunday, October 17, 2021, 12:00 noon. Venue: Palace Hall, 2nd Floor, Yuseong Convention Wedding, 77 Oncheonbuk-ro, Yuseong-gu, Daejeon (692-4 Bongmyeong-dong, Yuseong-gu, Daejeon). Congratulations on the wedding.",,publish
2021-10-07 16:50:02,2021,Board,IEEE Military Communications Conference paper is accepted,IEEE Military Communications Conference paper is accepted,"“Joint Beamforming Design for LOS MIMO Systems With Multiple Intelligent Reflecting Surfaces” by Joongsub Choi, Girim Kwon, and Hyuncheol Park has been accepted to the IEEE Military Communications Conference. Congratulation!","“Joint Beamforming Design for LOS MIMO Systems With Multiple Intelligent Reflecting Surfaces” by Joongsub Choi, Girim Kwon, and Hyuncheol Park has been accepted to the IEEE Military Communications Conference. Congratulation!",,publish
2021-08-27 11:33:33,2021,Board,IEEE Journal of Selected Topics in Signal Processing paper is accepted,IEEE Journal of Selected Topics in Signal Processing paper is accepted,"“Joint Communication and Localization in Millimeter Wave Networks” by Girim Kwon, Andrea Conti, Hyuncheol Park, and Moe Z. Win has been accepted to the IEEE Journal of Selected Topics in Signal Processing. Congratulation!","“Joint Communication and Localization in Millimeter Wave Networks” by Girim Kwon, Andrea Conti, Hyuncheol Park, and Moe Z. Win has been accepted to the IEEE Journal of Selected Topics in Signal Processing. Congratulation!",,publish
2021-08-09 12:52:59,2021,Board,안홍선 박사과정이 삼성전자에 입사했습니다.,Hongsun An (Ph.D. candidate) has joined Samsung Electronics.,본 연구실의 안홍선 박사과정이 삼성전자에 연구원으로 입사했습니다. 많은 축하와 응원의 말씀 부탁드립니다.,"Hongsun An, a Ph.D. candidate in our lab, has joined Samsung Electronics as a researcher. Please join us in offering your congratulations and support.",,publish
2021-08-09 12:50:53,2021,Board,안홍선 박사과정 학위논문 심사 통과,Hongsun An (Ph.D. candidate) passed his thesis defense,안홍선 박사과정이 학위논문 심사에 통과하였습니다. 안홍선 박사과정의 학위 논문 제목은 ‘다중 사용자 동시 무선 정보 및 전력 전송을 위한 효율적 파형 설계 및 자원할당 기법 (Effective waveforms design and resource allocation schemes for multi-user simultaneous wireless information and power transfer)’ 입니다. 축하드립니다.,"Hongsun An, a Ph.D. candidate, passed his thesis defense. The title of Hongsun An's Ph.D. thesis is 'Effective waveforms design and resource allocation schemes for multi-user simultaneous wireless information and power transfer'. Congratulations.",,publish
2021-07-25 12:47:08,2021,Board,IEEE Access paper is accepted,IEEE Access paper is accepted,"“Phase Aligned Time-reversal for Multi-user Wireless Power Transfer Systems with Non-linear Energy Harvesting” by Hongsun An, Minyoung Hwang and Hyuncheol Park has been accepted to the IEEE Access. Congratulations!","“Phase Aligned Time-reversal for Multi-user Wireless Power Transfer Systems with Non-linear Energy Harvesting” by Hongsun An, Minyoung Hwang and Hyuncheol Park has been accepted to the IEEE Access. Congratulations!",,publish
2021-07-07 10:53:08,2021,Board,IEEE Transactions on Vehicular Technology paper is accepted,IEEE Transactions on Vehicular Technology paper is accepted,"“Joint Precoding and Power Allocation for Multiuser MIMO System with Nonlinear Power Amplifiers” by Jeongju Jee, Girim Kwon, and Hyuncheol Park has been accepted to the IEEE Transactions on Vehicular Technology. Congratulation!","“Joint Precoding and Power Allocation for Multiuser MIMO System with Nonlinear Power Amplifiers” by Jeongju Jee, Girim Kwon, and Hyuncheol Park has been accepted to the IEEE Transactions on Vehicular Technology. Congratulation!",,publish
2021-05-27 13:27:27,2021,Board,IEEE Journal of Selected Topics in Signal Processing paper is accepted,IEEE Journal of Selected Topics in Signal Processing paper is accepted,"“Joint Beamforming and Power Splitting for Wideband Millimeter Wave SWIPT Systems” by Girim Kwon, Hyuncheol Park, and Moe Z. Win has been accepted to the IEEE Journal of Selected Topics in Signal Processing. Congratulation!","“Joint Beamforming and Power Splitting for Wideband Millimeter Wave SWIPT Systems” by Girim Kwon, Hyuncheol Park, and Moe Z. Win has been accepted to the IEEE Journal of Selected Topics in Signal Processing. Congratulation!",,publish
2021-05-07 12:40:48,2021,Board,한형식 선배님 결혼식 공지,Wedding announcement for Hyungsik Han,한형식 선배님의 결혼식을 공지합니다. 일시: 2021.06.19 (토) 오후 2시 장소: 서울 송파구 송파대로 155 더컨벤션 송파문정 13층 아모르홀 결혼을 축하드립니다.,"We announce the wedding of Hyungsik Han. Date: Saturday, June 19, 2021, 2:00 PM. Venue: Amor Hall, 13th Floor, The Convention Songpa Munjeong, 155 Songpa-daero, Songpa-gu, Seoul. Congratulations on the wedding.",,publish
2021-05-03 11:07:03,2021,Board,IEEE Wireless Communications Letters paper is accepted,IEEE Wireless Communications Letters paper is accepted,"“Multiple Intelligent Reflecting Surfaces for Capacity Maximization in LOS MIMO Systems” by Joongsub Choi, Girim Kwon, and Hyuncheol Park has been accepted to the IEEE Wireless Communications Letters. Congratulation!","“Multiple Intelligent Reflecting Surfaces for Capacity Maximization in LOS MIMO Systems” by Joongsub Choi, Girim Kwon, and Hyuncheol Park has been accepted to the IEEE Wireless Communications Letters. Congratulation!",,publish
2021-04-02 13:13:45,2021,Board,IEEE International Conference on Communications paper is accepted,IEEE International Conference on Communications paper is accepted,"“Multi-Tap Hybrid Beamforming in Wideband mmWave Systems: A Non-Iterative Approach” by Seongbae Jun, Girim Kwon, and Hyuncheol Park has been accepted to the IEEE International Conference on Communications. Congratulation!","“Multi-Tap Hybrid Beamforming in Wideband mmWave Systems: A Non-Iterative Approach” by Seongbae Jun, Girim Kwon, and Hyuncheol Park has been accepted to the IEEE International Conference on Communications. Congratulation!",,publish
2021-03-04 14:24:13,2021,Board,임승찬 박사의 교수 임용을 축하드립니다.,Congratulations to Dr. Seungchan Lim on his faculty appointment.,우리 연구실의 졸업생 임승찬 박사가 2021년 3월 1일부로 국립한경대학교 ICT로봇기계공학부에 조교수로 임명되었습니다. 많은 축하와 응원의 말씀 부탁드립니다.,"Dr. Seungchan Lim, an alumnus of our lab, was appointed as an assistant professor in the School of ICT, Robotics & Mechanical Engineering at Hankyong National University, effective March 1, 2021. Please join us in offering your congratulations and support.",,publish
2021-03-03 11:20:58,2021,Board,2020 한국통신학회 추계종합학술발표회 학부우수논문상 수상,Undergraduate Best Paper Award at the 2020 KICS Fall Conference,"황민영 석사과정, 우창혁 석사, 안홍선 박사과정 학생이 2020 한국통신학회 추계종합학술발표회에서 학부 우수 논문상을 수상하였습니다. 논문의 제목은 ‘USRP 기반의 다중 안테나 무선전력전송 시스템 구현 및 연구’ 입니다. 축하드립니다.","Minyoung Hwang (M.S. candidate), Changhyuk Woo (M.S.), and Hongsun An (Ph.D. candidate) won the Undergraduate Best Paper Award at the 2020 Korea Information and Communications Society (KICS) Fall Conference. The title of the paper is 'Implementation and Study of a USRP-Based Multi-Antenna Wireless Power Transfer System'. Congratulations.",,publish
2021-03-02 11:23:17,2021,Board,New M.S. students joined,New M.S. students joined,Mr. Seunghun Lee and Mr. Minyoung Hwang joined LIT as M.S. students. Welcome to the LIT!,Mr. Seunghun Lee and Mr. Minyoung Hwang joined LIT as M.S. students. Welcome to the LIT!,,publish
2021-02-23 11:21:48,2021,Board,제 10회 S-OIL 우수학위논문상 IT분야 우수상 수상,Excellence Award in the IT Category at the 10th S-OIL Best Dissertation Award,"우리 연구실의 졸업생 권기림 박사가 제10회 에쓰-오일 우수학위논문상에서 IT 분야 우수상을 수상하였습니다. 축하드립니다. 대회: 제10회 에쓰-오일 우수학위논문상 수상자: 권기림 박사 주관 및 심사: 한국대학총장협회, 한국과학기술한림원 후원: 에쓰-오일 과학문화재단 시상내역: IT분야 우수상 학위논문 제목 (국문): 밀리미터파 다중안테나 통신을 위한 사용자 스케줄링 및 빔포밍 설계 학위논문 제목 (영문): User scheduling and beamforming design for millimeter wave MIMO communications","Dr. Girim Kwon, an alumnus of our lab, won the Excellence Award in the IT category at the 10th S-OIL Best Dissertation Award. Congratulations. Competition: The 10th S-OIL Best Dissertation Award. Recipient: Dr. Girim Kwon. Organized and judged by: Korea Association of University Presidents, Korean Academy of Science and Technology. Sponsored by: S-OIL Science & Culture Foundation. Award: Excellence Award in the IT category. Dissertation title (Korean): 밀리미터파 다중안테나 통신을 위한 사용자 스케줄링 및 빔포밍 설계. Dissertation title (English): User scheduling and beamforming design for millimeter wave MIMO communications.",,publish
2021-02-08 12:35:10,2021,Board,우창혁 석사과정이 티맥스소프트에 입사하였습니다.,Changhyuk Woo (M.S. student) has joined TmaxSoft.,본 연구실의 우창혁 석사과정이 티맥스소프트에 전문연구요원으로 입사하였습니다. 많은 축하와 응원의 말씀 부탁드립니다.,"Changhyuk Woo, an M.S. student of our lab, has joined TmaxSoft as a professional research personnel (TRP). Please join us in congratulating and supporting him!",,publish
2021-01-04 17:32:41,2021,Board,"왕우완 박사과정, 강보경, 양혜원 석사과정이 삼성전자에 입사하였습니다.","Woowan Wang (Ph.D. student), Bokyeong Kang, and Hyewon Yang (M.S. students) have joined Samsung Electronics.","본 연구실의 왕우완 박사과정과 강보경, 양혜원 석사과정이 삼성전자에 연구원으로 입사하였습니다. 많은 축하와 응원의 말씀 부탁드립니다.",Woowan Wang (Ph.D. student) and Bokyeong Kang and Hyewon Yang (M.S. students) of our lab have joined Samsung Electronics as researchers. Please join us in congratulating and supporting them!,,publish
2021-01-04 17:30:01,2021,Board,왕우완 박사과정 학위논문 심사 통과,Woowan Wang (Ph.D. student) passed his dissertation defense,왕우완 박사과정이 학위논문 심사에 통과하였습니다. 왕우완 박사과정의 학위 논문 제목은 ‘1-bit ADC를 적용한 OFDM 시스템을 위한 동기 추정 기법에 대한 연구 (Synchronization in OFDM System with 1-bit ADC)’ 입니다. 축하드립니다.,"Woowan Wang, a Ph.D. student, passed his dissertation defense. The title of his dissertation is ""Synchronization in OFDM System with 1-bit ADC."" Congratulations!",,publish
2021-01-04 17:12:38,2021,Board,"강보경, 양혜원, 우창혁 석사과정 학위논문 심사 통과","Bokyeong Kang, Hyewon Yang, and Changhyuk Woo (M.S. students) passed their thesis defenses","강보경, 양혜원, 우창혁 석사과정이 학위논문 심사에 통과하였습니다. 강보경 석사 과정의 학위 논문 제목은 ‘저지연 NAND 플래시 메모리를 위한 지능형 에러복구 흐름 예측에 대한 연구 (Intelligent Error Recovery Flow Prediction for Low Latency NAND Flash Memory)’ 입니다. 양혜원 석사 과정의 학위 논문 제목은 ‘실제 통신 시스템의 특성을 고려한 심층 전이학습 기반 적응형 빔포밍에 대한 연구 (Deep Transfer Learning-Based Adaptive Beamforming for Realistic Communication Systems)’ 입니다. 우창혁 석사 과정의 학위 논문 제목은 ‘TR 기반 위상 정렬을 이용한 다중 사용자 다중 안테나 시스템의 무선 전력 전송 기법 (Wireless Power Transfer Scheme with Phase Alignment Based on Time-Reversal in MU-MIMO Systems)’ 입니다. 축하드립니다.","Bokyeong Kang, Hyewon Yang, and Changhyuk Woo, M.S. students, passed their thesis defenses. The title of Bokyeong Kang's thesis is ""Intelligent Error Recovery Flow Prediction for Low Latency NAND Flash Memory."" The title of Hyewon Yang's thesis is ""Deep Transfer Learning-Based Adaptive Beamforming for Realistic Communication Systems."" The title of Changhyuk Woo's thesis is ""Wireless Power Transfer Scheme with Phase Alignment Based on Time-Reversal in MU-MIMO Systems."" Congratulations!",,publish
2021-01-04 15:41:15,2021,Board,안홍선 박사과정 학위논문 제안심사 통과,Hongsun An (Ph.D. student) passed his dissertation proposal defense,안홍선 박사과정이 학위논문 제안 심사에 통과하였습니다. 안홍선 박사과정의 제안 논문 제목은 ‘다중 경로 채널에서 동시 무선 정보 및 전력 전송 기법 연구 (A Study on Simultaneous Wireless Information and Power Transfer Strategies in Multipath Channels)’ 입니다. 축하드립니다.,"Hongsun An, a Ph.D. student, passed his dissertation proposal defense. The title of his proposal is ""A Study on Simultaneous Wireless Information and Power Transfer Strategies in Multipath Channels."" Congratulations!",,publish
2020-11-03 13:31:00,2020,Board,허은혜 선배님 결혼식 공지,Wedding announcement for Eunhye Heo,허은혜 선배님의 결혼식을 공지합니다. 일시: 2020.11.21 (토) 오후 3시 40분 장소: 서울 서초구 강남대로 247 KW컨벤션센터 4층 다이아몬드홀 결혼을 축하드립니다.,"We announce the wedding of Eunhye Heo. Date: November 21, 2020 (Sat) 3:40 PM. Venue: Diamond Hall, 4th floor, KW Convention Center, 247 Gangnam-daero, Seocho-gu, Seoul. Congratulations on the wedding!",,publish
2020-10-19 11:40:44,2020,Board,IEEE Internet of Things Journal paper is accepted,IEEE Internet of Things Journal paper is accepted,"“Max-min Throughput Optimization in FDD Multi-Antenna Wirelessly-Powered IoT Networks” by Arman Ahmadian, Wonjae Shin and Hyuncheol Park has been accepted to the IEEE Internet of Things Journal. Congratulation!","“Max-min Throughput Optimization in FDD Multi-Antenna Wirelessly-Powered IoT Networks” by Arman Ahmadian, Wonjae Shin and Hyuncheol Park has been accepted to the IEEE Internet of Things Journal. Congratulation!",,publish
2020-10-13 13:47:09,2020,Board,IEEE Journal of Solid State Circuits paper is accepted,IEEE Journal of Solid State Circuits paper is accepted,"""120 GHz Wideband I/Q Receiver Based on Baseband Equalizing Technique"" by Taehwan Jang, Dongmin Kang, Seunghun Kim, Chaejun Lee, Seongbae Jun, Hyuncheol Park, Joonhyung Kim, and Chulsoon Park has been accepted to the IEEE Journal of Solid State Circuits. Congratulation!","""120 GHz Wideband I/Q Receiver Based on Baseband Equalizing Technique"" by Taehwan Jang, Dongmin Kang, Seunghun Kim, Chaejun Lee, Seongbae Jun, Hyuncheol Park, Joonhyung Kim, and Chulsoon Park has been accepted to the IEEE Journal of Solid State Circuits. Congratulation!",,publish
2020-09-23 14:38:00,2020,Board,IEEE Transactions on Vehicular Technology paper is accepted,IEEE Transactions on Vehicular Technology paper is accepted,"“Precoding Design and Power Control for SINR Maximization of MISO System with Nonlinear Power Amplifiers” by Jeongju Jee, Girim Kwon, and Hyuncheol Park has been accepted to the IEEE Transactions on Vehicular Technology. Congratulation!","“Precoding Design and Power Control for SINR Maximization of MISO System with Nonlinear Power Amplifiers” by Jeongju Jee, Girim Kwon, and Hyuncheol Park has been accepted to the IEEE Transactions on Vehicular Technology. Congratulation!",,publish
2020-09-20 23:03:31,2020,Board,IEEE Access paper is accepted,IEEE Access paper is accepted,"“Machine-Learning-Based Read Reference Voltage Estimation for NAND Flash Memory Systems Without Knowledge of Retention Time” by Hyemin Choe, Jeongju Jee, Seung-Chan Lim, Sungmin Joe, Ilhan Park, and Hyuncheol Park has been accepted to the IEEE Access. Congratulations!","“Machine-Learning-Based Read Reference Voltage Estimation for NAND Flash Memory Systems Without Knowledge of Retention Time” by Hyemin Choe, Jeongju Jee, Seung-Chan Lim, Sungmin Joe, Ilhan Park, and Hyuncheol Park has been accepted to the IEEE Access. Congratulations!",,publish
2020-08-24 15:05:48,2020,Board,IEEE Internet of Things Journal paper is accepted,IEEE Internet of Things Journal paper is accepted,"“Joint Time Allocation for Wireless Energy Harvesting Decode-and-Forward Relay Based IoT Networks with Rechargeable and Non-Rechargeable Batteries” by Yeonggyu Shim, Hyuncheol Park, and Wonjae Shin has been accepted to the IEEE Internet of Things Journal. Congratulations!","“Joint Time Allocation for Wireless Energy Harvesting Decode-and-Forward Relay Based IoT Networks with Rechargeable and Non-Rechargeable Batteries” by Yeonggyu Shim, Hyuncheol Park, and Wonjae Shin has been accepted to the IEEE Internet of Things Journal. Congratulations!",,publish
2020-07-01 13:33:39,2020,Board,IEEE Communication Letters paper is accepted,IEEE Communication Letters paper is accepted,"“MMSE-Interference Canceling Receiver for QAM-FBMC Systems” by Hyungsik Han, Girim Kwon and Hyuncheol Park has been accepted to the IEEE Communications Letters. Congratulations!","“MMSE-Interference Canceling Receiver for QAM-FBMC Systems” by Hyungsik Han, Girim Kwon and Hyuncheol Park has been accepted to the IEEE Communications Letters. Congratulations!",,publish
2020-06-16 17:49:15,2020,Board,KAIST 전기및전자공학부 2020 우수논문상 수상,Received the 2020 Best Paper Award from the KAIST School of Electrical Engineering,"우리 연구실의 졸업생 권기림 박사가 카이스트 전기및전자공학부에서 수여하는 ""2020 우수논문상(통신 Division)"" 을 받았습니다. 우수논문상은 카이스트 전기및전자공학부 각 division의 졸업생 중 가장 우수한 학위논문을 쓴 학생에게 수여 하는 상입니다. 권기림 박사의 박사학위 논문은 ""User Scheduling and Beamforming Design for Millimeter Wave MIMO Communications""입니다. 권기림 박사의 수상을 축하드립니다. Dr. Girim Kwon, alumni of our lab, received the ""2020 Best Paper Award(Communication Division)"" from KAIST EE. The Best Paper Award is given to the student who has written the best dissertation among graduates of each division of KAIST EE. His doctoral dissertation is ""User Scheduling and Beamforming Design for Millimeter Wave MIMO Communications"". Congratulations Dr. Girim Kwon on winning the award.","Dr. Girim Kwon, an alumnus of our lab, received the ""2020 Best Paper Award (Communication Division)"" from KAIST EE. The Best Paper Award is given to the student who has written the best dissertation among graduates of each division of KAIST EE. His doctoral dissertation is ""User Scheduling and Beamforming Design for Millimeter Wave MIMO Communications."" Congratulations to Dr. Girim Kwon on winning the award.",,publish
2020-06-12 13:26:32,2020,Board,Samsung Network Innovation Center 참여 연구실 선정,Selected as a participating lab of the Samsung Network Innovation Center,"우리 연구실이 삼성전자 SNIC(Samsung Network Innovation Center)의 참여연구실로 선정 되었습니다. (연구기간 2020년 5월-2022년 4월). 총괄과제책임자인 박현철 교수님 외 5분의 교수님이 차세대 이동통신 분야 핵심기술을 연구합니다. Our lab has been selected as the participating laboratory of Samsung Network Innovation Center (SNIC) . (Research Period May 2020 to April 2022). Professor Hyuncheol Park, the head of the project, and five professors will research key technologies for the next generation of mobile communications.","Our lab has been selected as a participating laboratory of the Samsung Network Innovation Center (SNIC). (Research period: May 2020 to April 2022). Professor Hyuncheol Park, the head of the project, and five other professors will research key technologies for next-generation mobile communications.",,publish
2020-06-01 13:20:40,2020,Board,IEEE Access paper is accepted,IEEE Access paper is accepted,"""CFO Estimation Based on Auto-correlation with Flexible Intervals for OFDM Systems with 1-bit ADCs"" by Woowan Wang and Hyuncheol Park has been accepted to the IEEE Access. Congratulations!","""CFO Estimation Based on Auto-correlation with Flexible Intervals for OFDM Systems with 1-bit ADCs"" by Woowan Wang and Hyuncheol Park has been accepted to the IEEE Access. Congratulations!",,publish
2020-05-15 16:26:43,2020,Board,김남식 선배님 결혼식 공지,Wedding announcement for Namshik Kim,김남식 선배님의 결혼식을 공지합니다. 일시: 2020.07.11 (토) 오후 12시 30분 장소: 서울 서초구 서초대로 224 더바인 3층 라온홀 결혼을 축하드립니다.,"We announce the wedding of Namshik Kim. Date: July 11, 2020 (Sat) 12:30 PM. Venue: Raon Hall, 3rd floor, The Vine, 224 Seocho-daero, Seocho-gu, Seoul. Congratulations on the wedding!",,publish
2020-04-22 16:46:27,2020,Board,IEEE Communications Letters paper is accepted,IEEE Communications Letters paper is accepted,"""Polar Coding-Based Selective Mapping for PAPR Reduction Without Redundant Information Transmission"" by Seungchan Lim, Namshik Kim and Hyuncheol Park has been accepted to the IEEE Communications Letters. Congratulations!","""Polar Coding-Based Selective Mapping for PAPR Reduction Without Redundant Information Transmission"" by Seungchan Lim, Namshik Kim and Hyuncheol Park has been accepted to the IEEE Communications Letters. Congratulations!",,publish
2020-02-26 12:04:04,2020,Board,IEEE Transaction on Wireless Communications paper is accepted,IEEE Transaction on Wireless Communications paper is accepted,"""Limited Feedback Hybrid Beamforming for Multi-Mode Transmission in Wideband Millimeter Wave Channel"" by Girim Kwon and Hyuncheol Park has been accepted to the IEEE Transaction on Wireless Communications(TWC). Congratulations!","""Limited Feedback Hybrid Beamforming for Multi-Mode Transmission in Wideband Millimeter Wave Channel"" by Girim Kwon and Hyuncheol Park has been accepted to the IEEE Transaction on Wireless Communications (TWC). Congratulations!",,publish
2020-02-14 06:19:29,2020,Board,New M.S. student joined,New M.S. student joined,Mr. Kyoungchan Seo joined LIT as a M.S. student. Welcome to the LIT!,Mr. Kyoungchan Seo joined LIT as a M.S. student. Welcome to the LIT!,,publish
2020-01-29 23:45:35,2020,Board,The 54th IEEE International Conference on Communications (ICC 2020) paper is accepted,The 54th IEEE International Conference on Communications (ICC 2020) paper is accepted,"“ML Phase Estimation in Flat Fading Channel With 1-Bit Quantization and Time-Oversampling” by Hyunsoo Son, Hyungsik Han and Hyuncheol Park has been accepted to the 54th IEEE International Conference on Communications (ICC 2020) which will be held in June 2020 in Dublin, Ireland. Congratulations!","“ML Phase Estimation in Flat Fading Channel With 1-Bit Quantization and Time-Oversampling” by Hyunsoo Son, Hyungsik Han and Hyuncheol Park has been accepted to the 54th IEEE International Conference on Communications (ICC 2020) which will be held in June 2020 in Dublin, Ireland. Congratulations!",,publish
2020-01-29 23:44:52,2020,Board,New M.S. student joined,New M.S. student joined,Ms. Seonmin Lee joined LIT as a M.S. student. Welcome to the LIT!,Ms. Seonmin Lee joined LIT as a M.S. student. Welcome to the LIT!,,publish
2020-01-29 23:44:14,2020,Board,The 91st IEEE Vehicular Technology Conference (VTC Spring 2020) papers are accepted,The 91st IEEE Vehicular Technology Conference (VTC Spring 2020) papers are accepted,"“Hybrid Beamforming with Multi-tap Analog Beamformer in Wideband mmWave Systems” by Seongbae Jun, Girim Kwon, Namshik Kim and Hyuncheol Park and “Subchannel Gain Product based Frequency Selective Hybrid Beamforming with Limited Feedback” by Hyunwoo Nam, Girim Kwon, Namshik Kim and Hyuncheol Park have been accepted to the 91st IEEE Vehicular Technology Conference (VTC Spring 2020) which will be held 25 – 28 May in Antwerp, Belgium. Congratulations!","“Hybrid Beamforming with Multi-tap Analog Beamformer in Wideband mmWave Systems” by Seongbae Jun, Girim Kwon, Namshik Kim and Hyuncheol Park and “Subchannel Gain Product based Frequency Selective Hybrid Beamforming with Limited Feedback” by Hyunwoo Nam, Girim Kwon, Namshik Kim and Hyuncheol Park have been accepted to the 91st IEEE Vehicular Technology Conference (VTC Spring 2020) which will be held 25 – 28 May in Antwerp, Belgium. Congratulations!",,publish
2020-01-29 23:42:57,2020,Board,M.S. student attended CES 2020,M.S. student attended CES 2020,"Ms. Hyewon Yang attended international CES 2020 (Consumer Electronics Show) held in Las vegas, USA from Jan. 07-10. She was selected from among KAIST EE students as one of the visiting members of CES 2020 and learned about technological advances in various fields including 5G, AI, IoT and robotics through CES 2020.","Ms. Hyewon Yang attended international CES 2020 (Consumer Electronics Show) held in Las vegas, USA from Jan. 07-10. She was selected from among KAIST EE students as one of the visiting members of CES 2020 and learned about technological advances in various fields including 5G, AI, IoT and robotics through CES 2020.",,publish
2019-12-20 17:00:58,2019,Board,"한형식 박사과정, 최혜민 석사과정이 삼성전자에 입사하였습니다.",Hyungsik Han (Ph.D. student) and Hyemin Choi (M.S. student) have joined Samsung Electronics.,본 연구실의 한형식 박사과정과 최혜민 석사과정이 삼성전자에 연구원으로 입사하였습니다. 많은 축하와 응원의 말씀 부탁드립니다.,Hyungsik Han (Ph.D. student) and Hyemin Choi (M.S. student) of our lab have joined Samsung Electronics as researchers. Please join us in congratulating and supporting them!,,publish
2019-12-20 16:58:39,2019,Board,임승찬 박사가 국방과학연구소에 입사하였습니다.,Dr. Seungchan Lim has joined the Agency for Defense Development.,본 연구실의 임승찬 박사가 국방과학연구소에 연구원으로 입사하였습니다. 많은 축하와 응원의 말씀 부탁드립니다.,Dr. Seungchan Lim of our lab has joined the Agency for Defense Development (ADD) as a researcher. Please join us in congratulating and supporting him!,,publish
2019-12-20 16:46:53,2019,Board,"손현수, 최혜민 석사과정 학위논문 심사 통과",Hyunsoo Son and Hyemin Choi (M.S. students) passed their thesis defenses,"손현수, 최혜민 석사과정이 학위논문 심사에 통과하였습니다. 손현수 석사 과정의 학위 논문 제목은 ‘1-bit ADC와 시간 영역 오버샘플링이 적용된 수신기에서 채널 추정 및 시퀀스 검출에 관한 연구 (Channel Estimation and Sequence Detection for 1-bit ADC and Time-Oversampling Receiver)’ 입니다. 최혜민 석사 과정의 학위 논문 제목은 ‘데이터 보유 시간을 알 수 없는 NAND 플래시 메모리 시스템을 위한 기계학습 기반 읽기 전압 추정 기법에 대한 연구 (Machine-Learning-Based Read Voltage Estimation for NAND Flash Memory Systems without Knowledge of Retention Time)’ 입니다. 축하드립니다.","Hyunsoo Son and Hyemin Choi, M.S. students, passed their thesis defenses. The title of Hyunsoo Son's thesis is ""Channel Estimation and Sequence Detection for 1-bit ADC and Time-Oversampling Receiver."" The title of Hyemin Choi's thesis is ""Machine-Learning-Based Read Voltage Estimation for NAND Flash Memory Systems without Knowledge of Retention Time."" Congratulations!",,publish
2019-11-28 20:35:33,2019,Board,"권기림, 한형식 박사과정 학위논문 심사 통과",Girim Kwon and Hyungsik Han (Ph.D. students) passed their dissertation defenses,"권기림, 한형식 박사과정이 학위논문 심사에 통과하였습니다. 권기림 박사 과정의 학위 논문 제목은 ‘밀리미터파 다중안테나 통신을 위한 사용자 스케줄링 및 빔포밍 설계 (User scheduling and beamforming design for millimeter wave MIMO communications)’ 입니다. 한형식 박사 과정의 학위 논문 제목은 '비직교 필터를 사용하는 QAM-FBMC 를 위한 파형 및 수신기 설계 (Waveform and Receiver Design for QAM-FBMC using Non-orthogonal Prototype Filtering)' 입니다. 축하드립니다.","Girim Kwon and Hyungsik Han, Ph.D. students, passed their dissertation defenses. The title of Girim Kwon's dissertation is ""User scheduling and beamforming design for millimeter wave MIMO communications."" The title of Hyungsik Han's dissertation is ""Waveform and Receiver Design for QAM-FBMC using Non-orthogonal Prototype Filtering."" Congratulations!",,publish
2019-10-25 19:20:40,2019,Board,2019 한국통신학회 하계종합학술발표회 우수논문 선정,Selected for the Best Paper Award at the 2019 KICS Summer Conference,"임승찬 박사, 왕우완 박사과정 학생이 2019 한국통신학회 하계종합학술발표회에서 우수논문상을 수상하였습니다. 논문의 제목은 '5G NR 채널 부호의 성능 평가' 입니다. 축하드립니다.","Dr. Seungchan Lim and Woowan Wang (Ph.D. student) received the Best Paper Award at the 2019 KICS Summer Conference. The title of the paper is ""Performance Evaluation of 5G NR Channel Codes."" Congratulations!",,publish
2019-10-07 13:43:42,2019,Board,권기림 박사과정 결혼식 공지,Wedding announcement for Girim Kwon (Ph.D. student),권기림 박사과정의 결혼식을 공지합니다. 일시: 2019.11.03 (일) 오후 02시 00분 장소: 부산시 연제구 월드컵대로 344 아시아드시티웨딩홀 1층 마그리트홀(M홀) 결혼을 축하드립니다.,"We announce the wedding of Girim Kwon, a Ph.D. student. Date: November 3, 2019 (Sun) 2:00 PM. Venue: Magritte Hall (M Hall), 1st floor, Asiad City Wedding Hall, 344 World Cup-daero, Yeonje-gu, Busan. Congratulations on the wedding!",,publish
2019-09-03 16:00:40,2019,Board,임승찬 선배님 결혼식 공지,Wedding announcement for Seungchan Lim,임승찬 선배님의 결혼식을 공지합니다. 일시: 2019.09.01 (일) 오후 12시 00분 장소: 제주특별자치도 제주시 탑동로 66 라마다프라자 제주호텔 8층 탐라홀 결혼을 축하드립니다.,"We announce the wedding of Seungchan Lim. Date: September 1, 2019 (Sun) 12:00 PM. Venue: Tamna Hall, 8th floor, Ramada Plaza Jeju Hotel, 66 Topdong-ro, Jeju-si, Jeju Special Self-Governing Province. Congratulations on the wedding!",,publish
2019-05-15 15:10:17,2019,Board,2019년도 모교방문행사 공지(Notice about 2019 Homecoming Day),Notice about 2019 Homecoming Day,"안녕하세요, 올해 정보전송연구실(LIT) 모교방문행사(홈커밍데이) 일정을 아래와 같이 알려드립니다. 이번에는 예년과는 달리 오전으로 시간대를 변경하여 진행될 예정입니다. ———————————————————————————————————————————— *일시: 2019년 5월 18일(토) 오전 11:00~ *일정 11:00~11:30 KAIST 김병호김삼열IT융합빌딩(N1) 709호 세미나실 – 스승의날 감사행사 12:00~13:30 갈마공원 축구장(서구 신갈마로230번길 77) – 체육활동 14:00~ 대나무골(유성구 어은로48번길 5) – 점심식사 ———————————————————————————————————————————— 기타 궁금하신 사항은 아래로 연락 주시면 감사하겠습니다. 전화: 010-6414-4722(전성배) 042-350-6817(LIT 연구실) E-mail: seongbae@kaist.ac.kr(전성배) 감사합니다.","Hello, we would like to announce this year's Lab of Information Transmission (LIT) Homecoming Day schedule as follows. Unlike previous years, the event will be held in the morning this time. ———————————————————————————————————————————— *Date/Time: May 18, 2019 (Sat) from 11:00 AM *Schedule 11:00–11:30 Seminar Room 709, KAIST Kim Beam-Ho & Kim Sam-Yeol IT Convergence Building (N1) – Teacher's Day appreciation event 12:00–13:30 Galma Park Soccer Field (77 Singalma-ro 230beon-gil, Seo-gu) – Sports activities 14:00– Daenamugol (5 Eoeun-ro 48beon-gil, Yuseong-gu) – Lunch ———————————————————————————————————————————— For any other inquiries, please contact us below. Phone: 010-6414-4722 (Seongbae Jun), 042-350-6817 (LIT Lab) E-mail: seongbae@kaist.ac.kr (Seongbae Jun). Thank you.",,publish
2019-05-14 20:30:50,2019,Board,"권기림, 한형식 박사과정 학위논문 제안심사 통과",Girim Kwon and Hyungsik Han (Ph.D. students) passed their dissertation proposal defenses,"권기림, 한형식 박사과정이 학위논문 제안 심사에 통과하였습니다. 한형식 박사과정의 제안 논문 제목은 ‘Waveform and Receiver Design for QAM-FMBC using Non-orthogonal Prototype Filtering’ 입니다. 권기림 박사과정의 제안 논문 제목은 'Space Division Multiple Access for Hybrid Beamforming System in Millimeter Wave Communications' 입니다. 축하드립니다.","Girim Kwon and Hyungsik Han, Ph.D. students, passed their dissertation proposal defenses. The title of Hyungsik Han's proposal is ""Waveform and Receiver Design for QAM-FMBC using Non-orthogonal Prototype Filtering."" The title of Girim Kwon's proposal is ""Space Division Multiple Access for Hybrid Beamforming System in Millimeter Wave Communications."" Congratulations!",,publish
2019-05-14 20:23:55,2019,Board,임승찬 박사과정 학위논문 심사 통과,Seungchan Lim (Ph.D. student) passed his dissertation defense,임승찬 박사과정이 학위논문 심사에 통과하였습니다. 학위 논문 제목은 ‘코드북 및 수신기 설계를 통한 코드 도메인 비직교 다중 접속 시스템에서의 간섭 처리 기법 (Interference Mitigation in Code-Domain Non-Orthogonal Multiple Access Systems via Codebook and Receiver Designs)’ 입니다. 축하드립니다.,"Seungchan Lim, a Ph.D. student, passed his dissertation defense. The title of his dissertation is ""Interference Mitigation in Code-Domain Non-Orthogonal Multiple Access Systems via Codebook and Receiver Designs."" Congratulations!",,publish
2019-05-14 11:28:17,2019,Board,IEEE WD 2019 Best Poster Runner up Award 수상,Received the Best Poster Runner-up Award at IEEE WD 2019,"우리 연구실 박사과정 전성배 학생이 IEEE WD 2019 학회에서 Microlab과 공동으로 Best Poster Runner up Award를 수상하였습니다. 수상을 축하드립니다. 대회명: IEEE The 11th Wireless Days Conference (IEEE WD 2019) 개최일시, 장소: 2019.4.24-4.26, Manchester, UK 수상 논문명: Millimeter Wave Wireless Link for On-board Chip to Chip Communication 저자: 장태환(Microlab), 전성배, 손혁수(Microlab), 김승훈(Microlab), 강동민(Microlab), 박현철, 박철순(Microlab)","Seongbae Jun, a Ph.D. student of our lab, received the Best Poster Runner-up Award jointly with Microlab at the IEEE WD 2019 conference. Congratulations! Conference: IEEE The 11th Wireless Days Conference (IEEE WD 2019). Date and venue: April 24–26, 2019, Manchester, UK. Award-winning paper: Millimeter Wave Wireless Link for On-board Chip to Chip Communication. Authors: Taehwan Jang (Microlab), Seongbae Jun, Hyeoksu Son (Microlab), Seunghun Kim (Microlab), Dongmin Kang (Microlab), Hyuncheol Park, Chulsoon Park (Microlab).",,publish
2019-04-30 17:33:19,2019,Board,남현우 박사과정 결혼식 공지,Wedding announcement for Hyunwoo Nam (Ph.D. student),"남현우 박사과정의 결혼식을 공지합니다. 일시: 2019.05.25 (토) 1:30 PM 장소: 대전광역시 유성구 도룡동 4-29, 대전 ICC호텔 3층 그랜드볼룸 결혼을 축하드립니다.","We announce the wedding of Hyunwoo Nam, a Ph.D. student. Date: May 25, 2019 (Sat) 1:30 PM. Venue: Grand Ballroom, 3rd floor, Daejeon ICC Hotel, 4-29 Doryong-dong, Yuseong-gu, Daejeon. Congratulations on the wedding!",,publish
2019-03-21 16:39:50,2019,Board,오명석 선배님 결혼식 공지,Wedding announcement for Myeongseok Oh,"오명석 선배님의 결혼식을 공지합니다. 일시: 2019.04.27 (토) 12 PM 장소: 서울특별시 중구 을지로 30, 롯데호텔서울 2층 크리스탈 볼룸 결혼을 축하드립니다.","We announce the wedding of Myeongseok Oh. Date: April 27, 2019 (Sat) 12 PM. Venue: Crystal Ballroom, 2nd floor, Lotte Hotel Seoul, 30 Eulji-ro, Jung-gu, Seoul. Congratulations on the wedding!",,publish
2019-01-23 20:10:31,2019,Board,이원석 선배님 결혼식 공지,Wedding announcement for Wonseok Lee,이원석 선배님의 결혼식을 공지합니다. 일시: 2019.02.16 (토) 오후 1시 30분 장소: 서울 강남구 논현로79길 72(서울 강남구 역삼동 828-10) 스칼라티움 2층 오뗄홀 결혼을 축하드립니다.,"We announce the wedding of Wonseok Lee. Date: February 16, 2019 (Sat) 1:30 PM. Venue: Otel Hall, 2nd floor, Scalatium, 72 Nonhyeon-ro 79-gil, Gangnam-gu, Seoul (828-10 Yeoksam-dong, Gangnam-gu, Seoul). Congratulations on the wedding!",,publish
2019-01-21 15:02:21,2019,Board,김기범 박사과정 학위 논문심사 통과,Kibeom Kim (Ph.D. student) passed his dissertation defense,김기범 박사과정이 학위 논문심사에 통과하였습니다. 논문 주제는 ‘MDS 부호 기반 분산 캐싱을 통한 무선 환경에서 협력 전송에 관한 연구’ 입니다. 축하드립니다.,"Kibeom Kim, a Ph.D. student, passed his dissertation defense. The topic of his dissertation is ""A Study on Cooperative Transmission in Wireless Environments via MDS Code-Based Distributed Caching."" Congratulations!",,publish
2019-01-21 14:54:18,2019,Board,"송새한, 김선용 석사 과정 학위논문 심사 통과",Saehan Song and Seonyong Kim (M.S. students) passed their thesis defenses,"송새한, 김선용 석사 과정이 학위논문 심사를 통과하였습니다. 김선용 석사 과정의 논문 주제는 ‘Beam Tracking Algorithm for mmWave MIMO Systems in High Mobility Environments’ 입니다. 송새한 석사 과정의 논문 주제는 ‘1-bit ADCs가 적용된 상향링크 거대 배열 다중 입출력 시스템에서 성능 개선 및 저-복잡도 수신 기법에 관한 연구’ 입니다. 축하드립니다.","Saehan Song and Seonyong Kim, M.S. students, passed their thesis defenses. The topic of Seonyong Kim's thesis is ""Beam Tracking Algorithm for mmWave MIMO Systems in High Mobility Environments."" The topic of Saehan Song's thesis is ""A Study on Performance Improvement and Low-Complexity Reception Techniques for Uplink Massive MIMO Systems with 1-bit ADCs."" Congratulations!",,publish
2019-01-04 15:46:31,2019,Board,2019년 1월 2일 시무식,"New Year's kickoff ceremony on January 2, 2019",새롭게 맞이하는 2019년을 기념하여 시무식을 진행하였습니다. 새해 다짐과 소망을 이야기하고 새해 인사와 덕담을 나누는 시간을 가졌습니다.,We held a New Year's kickoff ceremony to celebrate the start of 2019. We shared our New Year's resolutions and wishes and exchanged New Year's greetings and good wishes.,,publish
2018-11-20 15:46:27,2018,Board,제 10회 ICT 논문&amp;발명 PPT 공모 대제전 장려상 수상,Encouragement Award at the 10th ICT Paper & Invention PPT Competition,"우리 연구실 박사과정 권기림 학생이 아이디스, 전자신문 주최 제 10회 ICT 논문&발명 PPT 공모 대제전에서 장려상을 수상하였습니다. 축하드립니다. 대회: 제 10회 ICT 논문&발명 PPT 공모 대제전 주최: 아이디스, 전자신문 후원: 과학기술정보통신부, 대한전자공학회, 한국통신학회, 한국정보과학회, 한국정보처리학회, 한국인터넷방송통신학회, 대학정보통신연구센터협의회 시상내역: 장려상 수상 논문제목: Millimeter Wave Communication with Limited Feedback: RF-only Beamforming Can Outperform Hybrid Beamforming","Girim Kwon, a Ph.D. candidate in our lab, received the Encouragement Award at the 10th ICT Paper & Invention PPT Competition hosted by IDIS and The Electronic Times. Congratulations! Competition: The 10th ICT Paper & Invention PPT Competition. Host: IDIS, The Electronic Times. Sponsors: Ministry of Science and ICT, The Institute of Electronics and Information Engineers, KICS, The Korean Institute of Information Scientists and Engineers, Korea Information Processing Society, The Korean Institute of Internet, Broadcasting and Communication, and the University ICT Research Center Council. Award: Encouragement Award. Award-winning paper title: Millimeter Wave Communication with Limited Feedback: RF-only Beamforming Can Outperform Hybrid Beamforming.",,publish
2018-11-09 11:23:39,2018,Board,안찬욱 선배님 결혼식 공지,Wedding announcement for Chanwook Ahn,안찬욱 선배님의 결혼식을 공지합니다. 일시: 2018.11.25 (일) 오후 1시 장소: 서울특별시 강동구 상일로6길 26 (상일동 500) 삼성엔지니어링 글로벌센터 / 1층 리더스홀 결혼을 축하드립니다.,"We announce the wedding of Chanwook Ahn. Date: Sunday, November 25, 2018, 1:00 PM. Venue: Leaders Hall, 1st floor, Samsung Engineering Global Center, 26 Sangil-ro 6-gil (500 Sangil-dong), Gangdong-gu, Seoul. Congratulations on the wedding!",,publish
2018-09-18 19:04:44,2018,Board,조현철 선배님 결혼식 공지,Wedding announcement for Hyuncheol Cho,조현철 선배님의 결혼식을 공지합니다. 일시: 2018.09.29 (토) 오후 1시 장소: 경기 부천시 원미구 송내대로 239(상동 539-1) 소풍컨벤션웨딩 7층 라온제나홀 결혼을 축하드립니다.,"We announce the wedding of Hyuncheol Cho. Date: Saturday, September 29, 2018, 1:00 PM. Venue: Raonjena Hall, 7th floor, Sopung Convention Wedding, 239 Songnae-daero (539-1 Sang-dong), Wonmi-gu, Bucheon, Gyeonggi. Congratulations on the wedding!",,publish
2018-09-17 10:29:05,2018,Board,한일공동연구 과제 회의 참석.,Attended the Korea-Japan Joint Research Project Meeting,"박사과정 임승찬, 한형식 학생이 일본 교토에서 열린 한일공동연구 과제 회의에 참석하였습니다. (9/4)","Ph.D. candidates Seungchan Lim and Hyungsik Han attended the Korea-Japan Joint Research Project Meeting held in Kyoto, Japan. (9/4)",,publish
2018-08-14 10:37:54,2018,Board,과학기술정보통신부 지정 이동통신전문연구실 선정,Selected as a Mobile Communications Specialized Research Lab Designated by the Ministry of Science and ICT,"우리 연구실이 과학기술정보통신부에서 8년간 지원하는 혁신도약형 전문연구실 사업 에 선정되었습니다 (총 연구비: 42.6억). KAIST 미래통신연구실 (총괄책임자: 박현철 교수)은 이 사업을 통해 B5G 이동통신 기술의 새로운 발전 방향을 제시하며, 5세대 이동통신 기술의 한계를 극복하고, 획기적으로 발전시키기 위해 새로운 자원을 도입하여 5세대 이동통신 이후에 사용될 Beyond 5G (B5G) 이동통신 기술의 원천 기술을 확보하는 것을 목표로 합니다. KAIST 미래통신연구실 (B5G 이동통신 기술의 연구를 통해 미래 이동통신 관련 우수한 학술 실적과 함께 지적 재산권 확보 및 관련 기술 표준화를 추진해 갈 계획입니다.","Our lab has been selected for the Innovative Leap-type Specialized Research Lab program, supported for eight years by the Ministry of Science and ICT (total research funding: 4.26 billion KRW). Through this program, the KAIST Future Communications Lab (Principal Investigator: Professor Hyuncheol Park) aims to present new directions for the development of B5G mobile communication technology, to overcome the limitations of 5G mobile communication technology, and to secure core source technologies for Beyond 5G (B5G) mobile communications to be used after the fifth generation by introducing new resources for breakthrough advancement. Through research on B5G mobile communication technology, the KAIST Future Communications Lab plans to produce excellent academic achievements in future mobile communications while securing intellectual property rights and pursuing standardization of related technologies.",,publish
2018-07-03 14:32:07,2018,Board,2018 홈커밍 행사 졸업생 참석자 명단 (무순),List of alumni attendees at the 2018 Homecoming event (in no particular order),"김남식, 김재범, 김해룡, 송봉섭, 신철규, 조대순, 김진우, 심영규, 허은혜, 김주한, 신원재, 경수철, 김형수, 안경술, 김재완, 신태동, 이종민, 박휘성, 임우창, 오명석, 조현철, 김희수, 박재범, 이원석 (24명)","Namshik Kim, Jaebeom Kim, Haeryong Kim, Bongseop Song, Cheolkyu Shin, Daesoon Cho, Jinwoo Kim, Youngkyu Shim, Eunhye Heo, Joohan Kim, Wonjae Shin, Sucheol Kyeong, Hyungsoo Kim, Kyeongsul Ahn, Jaewan Kim, Taedong Shin, Jongmin Lee, Hwisung Park, Woochang Lim, Myeongseok Oh, Hyuncheol Cho, Heesu Kim, Jaebeom Park, Wonseok Lee (24 people)",,publish
2018-07-03 10:28:28,2018,Board,안경술 선배님 결혼식 공지,Wedding announcement for Kyeongsul Ahn,안경술 선배님의 결혼식을 공지합니다. 일시: 2018.07.07 (토) 1시 30분 장소: 서울 서초구 강남대로 247 (서초동 1362-27) KW컨벤션센터 4층 다이아몬드홀 결혼을 축하드립니다.,"We announce the wedding of Kyeongsul Ahn. Date: Saturday, July 7, 2018, 1:30 PM. Venue: Diamond Hall, 4th floor, KW Convention Center, 247 Gangnam-daero (1362-27 Seocho-dong), Seocho-gu, Seoul. Congratulations on the wedding!",,publish
2018-06-08 17:27:18,2018,Board,Notice about 2018 Homecoming Day,Notice about 2018 Homecoming Day,"안녕하세요. 올해는 연구실 내부 일정으로 인해 홈커밍데이 행사를 예년보다 조금 늦게 진행하게 되었습니다. 정보전송연구실(LIT) 홈커밍데이 일정을 아래와 같이 알려드립니다. ————————————————————————- *날짜: 2018년 6월 30일 (토요일) *내용 14:00 KAIST IT융합빌딩(N1) 709호 세미나실 - 스승의 날 감사행사 15:00 KAIST 스포츠컴플렉스(N3) 실내체육관 - 운동 (농구, 족구, 배드민턴 등) 17:30 어은동 대나무골 - 저녁식사 ————————————————————————- 기타 궁금하신 사항은 아래로 연락 주시면 감사하겠습니다. 전화: 010-3072-8996 (권기림) 042-350-6817 (LIT 연구실) E-mail: girim88@kaist.ac.kr (권기림) 감사합니다.","Hello. This year, due to internal lab schedules, the Homecoming Day event will be held a little later than usual. The schedule for the Lab of Information Transmission (LIT) Homecoming Day is as follows. ————————————————————————- *Date: Saturday, June 30, 2018 *Program 14:00 KAIST IT Convergence Building (N1), Seminar Room 709 - Teacher's Day appreciation event 15:00 KAIST Sports Complex (N3), Indoor Gymnasium - Sports (basketball, jokgu, badminton, etc.) 17:30 Daenamugol, Eoeun-dong - Dinner ————————————————————————- If you have any other questions, please contact us below. Phone: 010-3072-8996 (Girim Kwon), 042-350-6817 (LIT Lab) E-mail: girim88@kaist.ac.kr (Girim Kwon) Thank you.",,publish
2018-04-03 15:47:03,2018,Board,2018 Strawberry party,2018 Strawberry party,"4월 3일 딸기파티를 하였다. 연구실원들이 모여 즐거운 대화도 나누고, 딸기와 점심식사를 함께 하였다. 구성원들간의 친목을 다질 수 있는 기회였다.",We held a strawberry party on April 3. Lab members gathered to enjoy pleasant conversation and shared strawberries and lunch together. It was an opportunity to strengthen camaraderie among members.,,publish
2018-02-26 17:17:37,2018,Board,임우창 선배님 결혼식 공지,Wedding announcement for Woochang Lim,임우창 선배님의 결혼식을 공지합니다. 일시: 2018.03.03 (토) 12PM 장소: 대전 서구 둔산중로134번길 13 KW컨벤션센터 3층 컨벤션홀 결혼을 축하드립니다.,"We announce the wedding of Woochang Lim. Date: Saturday, March 3, 2018, 12 PM. Venue: Convention Hall, 3rd floor, KW Convention Center, 13 Dunsan-jung-ro 134beon-gil, Seo-gu, Daejeon. Congratulations on the wedding!",,publish
2018-01-23 13:29:08,2018,Board,2018 winter lab workshop,2018 winter lab workshop,1월 17일부터 19일까지 2018 동계 연구실 연구실 워크샵을 개최하였다. 강원도 정선에서 열린 워크샵에서는 연구실 전체 세미나를 통해 구성원간 연구 내용을 공유했으며 스키 등의 활동을 통해 그동안 쌓인 스트레스를 풀고 재충전하는 기회로 삼았다.,"We held the 2018 winter lab workshop from January 17 to 19. At the workshop held in Jeongseon, Gangwon-do, members shared their research through a full lab seminar and used activities such as skiing as an opportunity to relieve accumulated stress and recharge.",,publish
2018-01-09 15:43:45,2018,Board,Year_end party,Year_end party,"An year_end party was held in La Chow, Chinese restaurant on Dec. 21.","An year_end party was held in La Chow, Chinese restaurant on Dec. 21.",,publish
2018-01-08 13:26:47,2018,Board,Mr. Jeongju Lee passed the defense,Mr. Jeongju Lee passed the defense,"Mr. Jeongju Lee passed the defense for the Master degree on Dec. 21. Congratulation! His thesis title is ""An Improved RZF Precoding Technique for Compensating Transceiver I/Q Imbalances in Massive MIMO System.""","Mr. Jeongju Lee passed the defense for the Master degree on Dec. 21. Congratulation! His thesis title is ""An Improved RZF Precoding Technique for Compensating Transceiver I/Q Imbalances in Massive MIMO System.""",,publish
2018-01-08 13:22:11,2018,Board,Prof. Huang visited our lab.,Prof. Huang visited our lab.,Prof. Kaibin Huang of the University of Hong Kong visited our lab. on Dec. 15. He presented his research activities and discussed with Prof. Park on the possible collaborative research issues.,Prof. Kaibin Huang of the University of Hong Kong visited our lab. on Dec. 15. He presented his research activities and discussed with Prof. Park on the possible collaborative research issues.,,publish
2018-01-08 13:14:58,2018,Board,Globecom 2017 attended,Globecom 2017 attended,"Woowan Wang presented a paper titled, ""Precoding for Full-Duplex Multiuser MIMO Systems Using Duality,"" at Globecom 2017 held in Sigapore.","Woowan Wang presented a paper titled, ""Precoding for Full-Duplex Multiuser MIMO Systems Using Duality,"" at Globecom 2017 held in Sigapore.",,publish
2017-12-15 17:24:05,2017,Board,신태동 선배님 결혼,Wedding of Taedong Shin,2017년 12월 9일 12시에 신태동 선배님의 결혼식이 있었습니다. 결혼을 진심으로 축하드립니다.,"The wedding of Taedong Shin took place at 12:00 on December 9, 2017. Heartfelt congratulations on the wedding.",,publish
2017-11-02 12:20:29,2017,Board,Prof. Park will give a talk on 5G,Prof. Park will give a talk on 5G,Prof. Park will give a talk on 5G mobile communications in KISTEP on Nov. 8.,Prof. Park will give a talk on 5G mobile communications in KISTEP on Nov. 8.,,publish
2017-10-17 18:46:33,2017,Board,결혼식 공지,Wedding announcement,ADD에 근무하는 졸업생 두분의 결혼식을 안내합니다. 1. 박휘성동문: 2017년 10월 21일 토요일 오후 4:30 서울 드레스가든 블리스돔 2. 김형수동문: 2017년 11월 5일 일요일 오후 1시 대전 롯데시티호텔 크리스탈볼룸 모두 두분의 결혼을 축하바랍니다.,"We announce the weddings of two alumni working at ADD. 1. Hwisung Park: Saturday, October 21, 2017, 4:30 PM, Seoul Dress Garden Blissdome 2. Hyungsoo Kim: Sunday, November 5, 2017, 1:00 PM, Crystal Ballroom, Lotte City Hotel Daejeon. Please congratulate both of them on their weddings.",,publish
2017-09-16 15:58:32,2017,Board,Wedding anouncement,Wedding anouncement,"Mr. Park, Hwisung who graduated in 2014, is said to be married on October 21. Congratulations!","Mr. Park, Hwisung who graduated in 2014, is said to be married on October 21. Congratulations!",,publish
2017-08-29 13:32:00,2017,Board,New Ph.D student,New Ph.D student,"Mr. Arman Ahmadian joined LIT as a Ph.D student. He received M.S degree from the Sharif University of Technology, Iran.","Mr. Arman Ahmadian joined LIT as a Ph.D student. He received M.S degree from the Sharif University of Technology, Iran.",,publish
2017-08-28 11:55:10,2017,Board,IITP Radio workshop attended,IITP Radio workshop attended,Prof. Park and Mr. Seongbae Jeon attended in IITP Radio workshop held in Jeju Island on Aug. 25.,Prof. Park and Mr. Seongbae Jeon attended in IITP Radio workshop held in Jeju Island on Aug. 25.,,publish
2017-08-26 11:27:23,2017,Board,APWCS 2017 attended,APWCS 2017 attended,"Mr. Seung-chan Lim attended APWCS 2017 held in Incheon, Korea from Aug. 24-25. He is a coauthor of the paper titled, ""An Optimal File Placement for Raptor Coded Caching System.""","Mr. Seung-chan Lim attended APWCS 2017 held in Incheon, Korea from Aug. 24-25. He is a coauthor of the paper titled, ""An Optimal File Placement for Raptor Coded Caching System.""",,publish
2017-08-21 11:33:11,2017,Board,Yonsei-KAIST joint workshop,Yonsei-KAIST joint workshop,A joint workshop with LIT and RAMO Lab was held at Yonsei University on Aug. 18. 11 students presented and discussed their research.,A joint workshop with LIT and RAMO Lab was held at Yonsei University on Aug. 18. 11 students presented and discussed their research.,,publish
2017-08-03 09:08:56,2017,Board,PIMRC 2017 paper accepted,PIMRC 2017 paper accepted,"""CFO Estimation for QAM-FBMC Systems Considering Non-orthogonal Prototype Filters,"" by Hyungsik Han and Hyuncheol Park has been accepted to the 2017 IEEE 28th Annual International Symposium on Personal, Indoor, and Mobile Radio Communications (PIMRC) to be held in Montreal, QC, Canada, October 8-13, 2017.","""CFO Estimation for QAM-FBMC Systems Considering Non-orthogonal Prototype Filters,"" by Hyungsik Han and Hyuncheol Park has been accepted to the 2017 IEEE 28th Annual International Symposium on Personal, Indoor, and Mobile Radio Communications (PIMRC) to be held in Montreal, QC, Canada, October 8-13, 2017.",,publish
2017-07-26 16:59:52,2017,Board,Globecom 2017 paper accepted,Globecom 2017 paper accepted,"Jinwoo Kim, Woowan Wang, and Hyuncheol Park, ‘Precoding for Full-Duplex Multiuser MIMO Systems Using Duality’ has been accepted for presentation at the GLOBECOM2017 which will be held in Singapore in December 2017.","Jinwoo Kim, Woowan Wang, and Hyuncheol Park, ‘Precoding for Full-Duplex Multiuser MIMO Systems Using Duality’ has been accepted for presentation at the GLOBECOM2017 which will be held in Singapore in December 2017.",,publish
2017-07-25 14:17:55,2017,Board,"Invited talks at Chongqing, China","Invited talks at Chongqing, China","Professor Park gave talks in the Chongqing University of Technology and 2017 China-Korea AI and ICT Industrial Conference on July 17 and 18, respectively, at Chongqing, China.","Professor Park gave talks in the Chongqing University of Technology and 2017 China-Korea AI and ICT Industrial Conference on July 17 and 18, respectively, at Chongqing, China.",,publish
2017-07-11 14:41:27,2017,Board,SPAWC 2017 attended,SPAWC 2017 attended,"Professor Hyuncheol Park and Mr. Hyunngsik Han attended SPAWC 2017 held in Sapporo, Japan from July 3 to 7. Mr. Han presented a paper coauthored by Mr. Heesu Kim titled ""Waveform design for QAM-FBMC system.""","Professor Hyuncheol Park and Mr. Hyunngsik Han attended SPAWC 2017 held in Sapporo, Japan from July 3 to 7. Mr. Han presented a paper coauthored by Mr. Heesu Kim titled ""Waveform design for QAM-FBMC system.""",,publish
2017-06-30 16:50:37,2017,Board,2017 summer lab. workshop,2017 summer lab. workshop,"6월 27일부터 29일까지 2017 하계 연구실 연구실 워크샵을 개최하였다. 무주, 진안 운일암반일암에서 열린 워크샵에서는 레프팅, 산악바이크, 낚시 등의 활동을 통해 그동안 쌓인 스트레스레스를 풀고 재충전하는 기회로 삼았다.","We held the 2017 summer lab workshop from June 27 to 29. At the workshop held at Unilam-Banilam in Muju and Jinan, we used activities such as rafting, mountain biking, and fishing as an opportunity to relieve accumulated stress and recharge.",,publish
2017-06-20 13:03:02,2017,Board,Mr. Wonseok Lee passed his MS defense,Mr. Wonseok Lee passed his MS defense,Mr. Wonseok Lee passed his MS defense on June 19. His thesis title is “Optimal file placement in wireless coded caching systems.” Congratulation! Currently he is hired by Hyundai Mobis.,Mr. Wonseok Lee passed his MS defense on June 19. His thesis title is “Optimal file placement in wireless coded caching systems.” Congratulation! Currently he is hired by Hyundai Mobis.,,publish
2017-06-07 16:01:23,2017,Board,Ms Eunhye Heo passed her Ph.D defense.,Ms Eunhye Heo passed her Ph.D defense.,"Ms Eunhye Heo passed her Ph.D defense on May 29. Her thesis title is ""Estimation of Uplink Parameters in Cloud Radio Access Networks."" Congratulation! She received a job offer from the Samsung Electronics.","Ms Eunhye Heo passed her Ph.D defense on May 29. Her thesis title is ""Estimation of Uplink Parameters in Cloud Radio Access Networks."" Congratulation! She received a job offer from the Samsung Electronics.",,publish
2017-05-25 16:08:47,2017,Board,Prof. Park will chair the session in KRnet 2017,Prof. Park will chair the session in KRnet 2017,Prof. Park will chair the session on 5G ecosystem and the panel discussion in KRnet 2017 ( http://www.krnet.or.kr/ ),Prof. Park will chair the session on 5G ecosystem and the panel discussion in KRnet 2017 ( http://www.krnet.or.kr/ ),http://www.krnet.or.kr|http://www.krnet.or.kr/,publish
2017-05-17 17:56:30,2017,Board,EURASIP journal paper published,EURASIP journal paper published,"""Interference mitigation using random antenna selection in millimeter wave beamforming system"" is published in the EURASIP Journal on Wireless Communications and Networking on May 2017.","""Interference mitigation using random antenna selection in millimeter wave beamforming system"" is published in the EURASIP Journal on Wireless Communications and Networking on May 2017.",,publish
2017-05-15 17:26:17,2017,Board,2017 홈커밍 행사 졸업생 참석자 명단 (무순),List of alumni attendees at the 2017 Homecoming event (in no particular order),"손미현, 신철규, 안찬욱, 이한길, 김남식, 김재범, 조대순, 김현국, 김주한, 경수철, 김희수, 김형수, 안경술, 박재범, 이종민, 김진우, 신태동, 김광훈, 오명석, 박휘성, 조현철 (21명)","Mihyun Son, Cheolkyu Shin, Chanwook Ahn, Hangil Lee, Namshik Kim, Jaebeom Kim, Daesoon Cho, Hyunguk Kim, Joohan Kim, Sucheol Kyeong, Heesu Kim, Hyungsoo Kim, Kyeongsul Ahn, Jaebeom Park, Jongmin Lee, Jinwoo Kim, Taedong Shin, Gwanghun Kim, Myeongseok Oh, Hwisung Park, Hyuncheol Cho (21 people)",,publish
2017-05-11 13:33:48,2017,Board,[Event] 2017 Homecoming Day (2017/05/13),[Event] 2017 Homecoming Day (2017/05/13),"안녕하세요. 올해 스승의 날을 맞이하여, 정보전송연구실(LIT) 홈커밍데이 일정을 알려드리고자 합니다. ------------------------------------------------------------------------- *일시: 2017년 5월 13일 (토요일) *일정 13:00 (KAIST N1빌딩 718호 연구실) 모임장소 (KAIST N1빌딩 709호 세미나실) 스승의 날 감사행사 14:00 (갈마공원 운동장) 축구경기 및 기타 체육행사 (주소: 대전광역시 서구 갈마역로 55) (주차: 갈마역 2번출구쪽에 노상주차 또는 올림픽기념 국민생활관 유료주차장 이용(3시간 기준 3700원)) 17:30 (어은동 대나무골) 저녁식사 ------------------------------------------------------------------------- 기타 궁금하신 사항은 아래로 연락 주시면 감사하겠습니다. 전화: 010-3072-8996 (권기림) 042-350-6817 (LIT 연구실) E-mail: girim88@kaist.ac.kr (권기림) 감사합니다.","Hello. To celebrate Teacher's Day this year, we would like to announce the schedule for the Lab of Information Transmission (LIT) Homecoming Day. ------------------------------------------------------------------------- *Date: Saturday, May 13, 2017 *Program 13:00 (KAIST N1 Building, Lab 718) Gathering place (KAIST N1 Building, Seminar Room 709) Teacher's Day appreciation event 14:00 (Galma Park Field) Soccer match and other sports events (Address: 55 Galmayeok-ro, Seo-gu, Daejeon) (Parking: on-street parking near Exit 2 of Galma Station, or use the paid parking lot at the Olympic Memorial National Sports Center (3,700 KRW for 3 hours)) 17:30 (Daenamugol, Eoeun-dong) Dinner ------------------------------------------------------------------------- If you have any other questions, please contact us below. Phone: 010-3072-8996 (Girim Kwon), 042-350-6817 (LIT Lab) E-mail: girim88@kaist.ac.kr (Girim Kwon) Thank you.",,publish
2017-05-02 16:55:22,2017,Board,SPAWC 2017 paper accepted,SPAWC 2017 paper accepted,"Heesu Kim, Hyungsik Han, and Hyuncheol Park, 'Waveform Design for QAM-FBMC Systems' has been accepted for presentation at the 2017 IEEE 18th International Workshop on Signal Processing Advances in Wireless Communications (SPAWC).","Heesu Kim, Hyungsik Han, and Hyuncheol Park, 'Waveform Design for QAM-FBMC Systems' has been accepted for presentation at the 2017 IEEE 18th International Workshop on Signal Processing Advances in Wireless Communications (SPAWC).",,publish
2017-04-18 11:43:09,2017,Board,New Homepage is Coming!,New Homepage is Coming!,New Homepage is Coming!,New Homepage is Coming!,,publish
2017-03-28 14:32:08,2017,Publications,Projects test1,Projects test1,http://143.248.57.68/wordpress/wp-content/uploads/2012/07/blog_3.jpg 프로젝트 테스트입니다.,http://143.248.57.68/wordpress/wp-content/uploads/2012/07/blog_3.jpg This is a project test.,http://143.248.57.68/wordpress/wp-content/uploads/2012/07/blog_3.jpg[/fusion_imageframe][fusion_text],publish
2017-02-04 12:48:26,2017,news,뉴스2,News 2,뉴스2본문,News 2 body,,publish
2017-02-04 12:42:52,2017,news,뉴스1,News 1,뉴스1본문,News 1 body,,publish
